result_label,chain,resid,resname,score,above_threshold,threshold,region,gt_aoh,auto_ligand_label
ESM2-augmented GNN prioritization results.,A,1,MET,0.160785,0,0.700110,N-terminal beta sheet (domain 1),0,
ESM2-augmented GNN prioritization results.,A,2,PHE,0.165047,0,0.700110,N-terminal beta sheet (domain 1),0,
ESM2-augmented GNN prioritization results.,A,3,GLU,0.172220,0,0.700110,N-terminal beta sheet (domain 1),0,
ESM2-augmented GNN prioritization results.,A,4,ALA,0.180343,0,0.700110,N-terminal beta sheet (domain 1),0,
ESM2-augmented GNN prioritization results.,A,5,ARG,0.188069,0,0.700110,N-terminal beta sheet (domain 1),0,
ESM2-augmented GNN prioritization results.,A,6,LEU,0.190064,0,0.700110,N-terminal beta sheet (domain 1),0,
ESM2-augmented GNN prioritization results.,A,7,VAL,0.196589,0,0.700110,N-terminal beta sheet (domain 1),0,
ESM2-augmented GNN prioritization results.,A,8,GLN,0.183901,0,0.700110,N-terminal beta sheet (domain 1),0,
ESM2-augmented GNN prioritization results.,A,9,GLY,0.178216,0,0.700110,N-terminal beta sheet (domain 1),0,
ESM2-augmented GNN prioritization results.,A,10,SER,0.170364,0,0.700110,N-terminal beta sheet (domain 1),0,
ESM2-augmented GNN prioritization results.,A,11,ILE,0.164201,0,0.700110,N-terminal beta sheet (domain 1),0,
ESM2-augmented GNN prioritization results.,A,12,LEU,0.159619,0,0.700110,N-terminal beta sheet (domain 1),0,
ESM2-augmented GNN prioritization results.,A,13,LYS,0.155121,0,0.700110,N-terminal beta sheet (domain 1),0,
ESM2-augmented GNN prioritization results.,A,14,LYS,0.153669,0,0.700110,N-terminal beta sheet (domain 1),0,
ESM2-augmented GNN prioritization results.,A,15,VAL,0.154263,0,0.700110,N-terminal beta sheet (domain 1),0,
ESM2-augmented GNN prioritization results.,A,16,LEU,0.157314,0,0.700110,N-terminal beta sheet (domain 1),0,
ESM2-augmented GNN prioritization results.,A,17,GLU,0.160937,0,0.700110,N-terminal beta sheet (domain 1),0,
ESM2-augmented GNN prioritization results.,A,18,ALA,0.169285,0,0.700110,N-terminal beta sheet (domain 1),0,
ESM2-augmented GNN prioritization results.,A,19,LEU,0.177266,0,0.700110,N-terminal beta sheet (domain 1),0,
ESM2-augmented GNN prioritization results.,A,20,LYS,0.180826,0,0.700110,N-terminal beta sheet (domain 1),0,
ESM2-augmented GNN prioritization results.,A,21,ASP,0.181115,0,0.700110,N-terminal beta sheet (domain 1),0,
ESM2-augmented GNN prioritization results.,A,22,LEU,0.194792,0,0.700110,N-terminal beta sheet (domain 1),0,
ESM2-augmented GNN prioritization results.,A,23,ILE,0.213142,0,0.700110,N-terminal beta sheet (domain 1),0,
ESM2-augmented GNN prioritization results.,A,24,ASN,0.207622,0,0.700110,N-terminal beta sheet (domain 1),0,
ESM2-augmented GNN prioritization results.,A,25,GLU,0.220896,0,0.700110,N-terminal beta sheet (domain 1),1,
ESM2-augmented GNN prioritization results.,A,26,ALA,0.229285,0,0.700110,N-terminal beta sheet (domain 1),1,
ESM2-augmented GNN prioritization results.,A,27,CYS,0.222656,0,0.700110,N-terminal beta sheet (domain 1),1,
ESM2-augmented GNN prioritization results.,A,28,TRP,0.207714,0,0.700110,N-terminal beta sheet (domain 1),0,
ESM2-augmented GNN prioritization results.,A,29,ASP,0.187063,0,0.700110,N-terminal beta sheet (domain 1),0,
ESM2-augmented GNN prioritization results.,A,30,ILE,0.168883,0,0.700110,N-terminal beta sheet (domain 1),0,
ESM2-augmented GNN prioritization results.,A,31,SER,0.152881,0,0.700110,N-terminal beta sheet (domain 1),0,
ESM2-augmented GNN prioritization results.,A,32,SER,0.146826,0,0.700110,N-terminal beta sheet (domain 1),0,
ESM2-augmented GNN prioritization results.,A,33,SER,0.145203,0,0.700110,N-terminal beta sheet (domain 1),0,
ESM2-augmented GNN prioritization results.,A,34,GLY,0.153199,0,0.700110,N-terminal beta sheet (domain 1),0,
ESM2-augmented GNN prioritization results.,A,35,VAL,0.161538,0,0.700110,N-terminal beta sheet (domain 1),0,
ESM2-augmented GNN prioritization results.,A,36,ASN,0.175588,0,0.700110,N-terminal beta sheet (domain 1),0,
ESM2-augmented GNN prioritization results.,A,37,LEU,0.206120,0,0.700110,N-terminal beta sheet (domain 1),0,
ESM2-augmented GNN prioritization results.,A,38,GLN,0.243455,0,0.700110,N-terminal beta sheet (domain 1),1,
ESM2-augmented GNN prioritization results.,A,39,SER,0.469325,0,0.700110,N-terminal beta sheet (domain 1),1,
ESM2-augmented GNN prioritization results.,A,40,MET,0.614696,0,0.700110,N-terminal beta sheet (domain 1),1,
ESM2-augmented GNN prioritization results.,A,41,ASP,0.653833,0,0.700110,Front-face loop (PIP-box groove),1,
ESM2-augmented GNN prioritization results.,A,42,SER,0.671411,0,0.700110,Front-face loop (PIP-box groove),1,
ESM2-augmented GNN prioritization results.,A,43,SER,0.675623,0,0.700110,Front-face loop (PIP-box groove),0,
ESM2-augmented GNN prioritization results.,A,44,HIS,0.666004,0,0.700110,Front-face loop (PIP-box groove),1,
ESM2-augmented GNN prioritization results.,A,45,VAL,0.649476,0,0.700110,Front-face loop (PIP-box groove),1,
ESM2-augmented GNN prioritization results.,A,46,SER,0.601240,0,0.700110,Front-face loop (PIP-box groove),1,
ESM2-augmented GNN prioritization results.,A,47,LEU,0.451456,0,0.700110,Front-face loop (PIP-box groove),1,
ESM2-augmented GNN prioritization results.,A,48,VAL,0.345818,0,0.700110,Core beta sheet,0,
ESM2-augmented GNN prioritization results.,A,49,GLN,0.244993,0,0.700110,Core beta sheet,0,
ESM2-augmented GNN prioritization results.,A,50,LEU,0.210670,0,0.700110,Core beta sheet,0,
ESM2-augmented GNN prioritization results.,A,51,THR,0.191218,0,0.700110,Core beta sheet,0,
ESM2-augmented GNN prioritization results.,A,52,LEU,0.173601,0,0.700110,Core beta sheet,0,
ESM2-augmented GNN prioritization results.,A,53,ARG,0.165459,0,0.700110,Core beta sheet,0,
ESM2-augmented GNN prioritization results.,A,54,SER,0.158284,0,0.700110,Core beta sheet,0,
ESM2-augmented GNN prioritization results.,A,55,GLU,0.169296,0,0.700110,Core beta sheet,0,
ESM2-augmented GNN prioritization results.,A,56,GLY,0.180122,0,0.700110,Core beta sheet,0,
ESM2-augmented GNN prioritization results.,A,57,PHE,0.188539,0,0.700110,Core beta sheet,0,
ESM2-augmented GNN prioritization results.,A,58,ASP,0.203339,0,0.700110,Core beta sheet,0,
ESM2-augmented GNN prioritization results.,A,59,THR,0.208537,0,0.700110,Core beta sheet,0,
ESM2-augmented GNN prioritization results.,A,60,TYR,0.191753,0,0.700110,Core beta sheet,0,
ESM2-augmented GNN prioritization results.,A,61,ARG,0.184223,0,0.700110,Core beta sheet,0,
ESM2-augmented GNN prioritization results.,A,62,CYS,0.174796,0,0.700110,Core beta sheet,0,
ESM2-augmented GNN prioritization results.,A,63,ASP,0.169843,0,0.700110,Core beta sheet,0,
ESM2-augmented GNN prioritization results.,A,64,ARG,0.168004,0,0.700110,Core beta sheet,0,
ESM2-augmented GNN prioritization results.,A,65,ASN,0.180385,0,0.700110,Core beta sheet,0,
ESM2-augmented GNN prioritization results.,A,66,LEU,0.191048,0,0.700110,Core beta sheet,0,
ESM2-augmented GNN prioritization results.,A,67,ALA,0.225237,0,0.700110,Core beta sheet,0,
ESM2-augmented GNN prioritization results.,A,68,MET,0.236313,0,0.700110,Core beta sheet,0,
ESM2-augmented GNN prioritization results.,A,69,GLY,0.268301,0,0.700110,Core beta sheet,0,
ESM2-augmented GNN prioritization results.,A,70,VAL,0.261520,0,0.700110,Core beta sheet,0,
ESM2-augmented GNN prioritization results.,A,71,ASN,0.248248,0,0.700110,Core beta sheet,0,
ESM2-augmented GNN prioritization results.,A,72,LEU,0.213570,0,0.700110,Core beta sheet,0,
ESM2-augmented GNN prioritization results.,A,73,THR,0.199306,0,0.700110,Core beta sheet,0,
ESM2-augmented GNN prioritization results.,A,74,SER,0.183051,0,0.700110,Core beta sheet,0,
ESM2-augmented GNN prioritization results.,A,75,MET,0.181596,0,0.700110,Core beta sheet,0,
ESM2-augmented GNN prioritization results.,A,76,SER,0.162127,0,0.700110,Core beta sheet,0,
ESM2-augmented GNN prioritization results.,A,77,LYS,0.159827,0,0.700110,Core beta sheet,0,
ESM2-augmented GNN prioritization results.,A,78,ILE,0.160433,0,0.700110,Core beta sheet,0,
ESM2-augmented GNN prioritization results.,A,79,LEU,0.159287,0,0.700110,Core beta sheet,0,
ESM2-augmented GNN prioritization results.,A,80,LYS,0.157852,0,0.700110,Core beta sheet,0,
ESM2-augmented GNN prioritization results.,A,81,CYS,0.159968,0,0.700110,Core beta sheet,0,
ESM2-augmented GNN prioritization results.,A,82,ALA,0.168493,0,0.700110,Core beta sheet,0,
ESM2-augmented GNN prioritization results.,A,83,GLY,0.171225,0,0.700110,Core beta sheet,0,
ESM2-augmented GNN prioritization results.,A,84,ASN,0.166481,0,0.700110,Core beta sheet,0,
ESM2-augmented GNN prioritization results.,A,85,GLU,0.182206,0,0.700110,Core beta sheet,0,
ESM2-augmented GNN prioritization results.,A,86,ASP,0.176547,0,0.700110,Core beta sheet,0,
ESM2-augmented GNN prioritization results.,A,87,ILE,0.187140,0,0.700110,Core beta sheet,0,
ESM2-augmented GNN prioritization results.,A,88,ILE,0.187318,0,0.700110,Core beta sheet,0,
ESM2-augmented GNN prioritization results.,A,89,THR,0.190038,0,0.700110,Core beta sheet,0,
ESM2-augmented GNN prioritization results.,A,90,LEU,0.186442,0,0.700110,Core beta sheet,0,
ESM2-augmented GNN prioritization results.,A,91,ARG,0.181525,0,0.700110,Core beta sheet,0,
ESM2-augmented GNN prioritization results.,A,92,ALA,0.175605,0,0.700110,Core beta sheet,0,
ESM2-augmented GNN prioritization results.,A,93,GLU,0.169409,0,0.700110,Core beta sheet,0,
ESM2-augmented GNN prioritization results.,A,94,ASP,0.167691,0,0.700110,Core beta sheet,0,
ESM2-augmented GNN prioritization results.,A,95,ASN,0.171664,0,0.700110,Core beta sheet,0,
ESM2-augmented GNN prioritization results.,A,96,ALA,0.179452,0,0.700110,Core beta sheet,0,
ESM2-augmented GNN prioritization results.,A,97,ASP,0.190552,0,0.700110,Core beta sheet,0,
ESM2-augmented GNN prioritization results.,A,98,THR,0.191023,0,0.700110,Core beta sheet,0,
ESM2-augmented GNN prioritization results.,A,99,LEU,0.195240,0,0.700110,Core beta sheet,0,
ESM2-augmented GNN prioritization results.,A,100,ALA,0.204121,0,0.700110,Core beta sheet,0,
ESM2-augmented GNN prioritization results.,A,101,LEU,0.216777,0,0.700110,Core beta sheet,0,
ESM2-augmented GNN prioritization results.,A,102,VAL,0.230517,0,0.700110,Core beta sheet,0,
ESM2-augmented GNN prioritization results.,A,103,PHE,0.242721,0,0.700110,Core beta sheet,0,
ESM2-augmented GNN prioritization results.,A,104,GLU,0.254198,0,0.700110,Core beta sheet,0,
ESM2-augmented GNN prioritization results.,A,105,ALA,0.256556,0,0.700110,Core beta sheet,0,
ESM2-augmented GNN prioritization results.,A,106,PRO,0.254634,0,0.700110,Core beta sheet,0,
ESM2-augmented GNN prioritization results.,A,107,ASN,0.244282,0,0.700110,Core beta sheet,0,
ESM2-augmented GNN prioritization results.,A,108,GLN,0.225418,0,0.700110,Core beta sheet,0,
ESM2-augmented GNN prioritization results.,A,109,GLU,0.215810,0,0.700110,Core beta sheet,0,
ESM2-augmented GNN prioritization results.,A,110,LYS,0.203862,0,0.700110,Core beta sheet,0,
ESM2-augmented GNN prioritization results.,A,111,VAL,0.197989,0,0.700110,Core beta sheet,0,
ESM2-augmented GNN prioritization results.,A,112,SER,0.192129,0,0.700110,Core beta sheet,0,
ESM2-augmented GNN prioritization results.,A,113,ASP,0.192658,0,0.700110,Core beta sheet,0,
ESM2-augmented GNN prioritization results.,A,114,TYR,0.190501,0,0.700110,Core beta sheet,0,
ESM2-augmented GNN prioritization results.,A,115,GLU,0.195009,0,0.700110,Core beta sheet,0,
ESM2-augmented GNN prioritization results.,A,116,MET,0.205237,0,0.700110,Core beta sheet,0,
ESM2-augmented GNN prioritization results.,A,117,LYS,0.210588,0,0.700110,Core beta sheet,0,
ESM2-augmented GNN prioritization results.,A,118,LEU,0.233987,0,0.700110,Core beta sheet,0,
ESM2-augmented GNN prioritization results.,A,119,MET,0.239318,0,0.700110,IDCL - Interdomain Connecting Loop,0,
ESM2-augmented GNN prioritization results.,A,120,ASP,0.257531,0,0.700110,IDCL - Interdomain Connecting Loop,0,
ESM2-augmented GNN prioritization results.,A,121,LEU,0.240471,0,0.700110,IDCL - Interdomain Connecting Loop,0,
ESM2-augmented GNN prioritization results.,A,122,ASP,0.225449,0,0.700110,IDCL - Interdomain Connecting Loop,0,
ESM2-augmented GNN prioritization results.,A,123,VAL,0.210993,0,0.700110,IDCL - Interdomain Connecting Loop,1,
ESM2-augmented GNN prioritization results.,A,124,GLU,0.203858,0,0.700110,IDCL - Interdomain Connecting Loop,0,
ESM2-augmented GNN prioritization results.,A,125,GLN,0.195902,0,0.700110,IDCL - Interdomain Connecting Loop,1,
ESM2-augmented GNN prioritization results.,A,126,LEU,0.194097,0,0.700110,IDCL - Interdomain Connecting Loop,1,
ESM2-augmented GNN prioritization results.,A,127,GLY,0.187197,0,0.700110,IDCL - Interdomain Connecting Loop,0,
ESM2-augmented GNN prioritization results.,A,128,ILE,0.182765,0,0.700110,IDCL - Interdomain Connecting Loop,1,
ESM2-augmented GNN prioritization results.,A,129,PRO,0.171800,0,0.700110,IDCL - Interdomain Connecting Loop,0,
ESM2-augmented GNN prioritization results.,A,130,GLU,0.163754,0,0.700110,IDCL - Interdomain Connecting Loop,0,
ESM2-augmented GNN prioritization results.,A,131,GLN,0.179033,0,0.700110,IDCL - Interdomain Connecting Loop,0,
ESM2-augmented GNN prioritization results.,A,132,GLU,0.176121,0,0.700110,IDCL - Interdomain Connecting Loop,0,
ESM2-augmented GNN prioritization results.,A,133,TYR,0.182180,0,0.700110,IDCL - Interdomain Connecting Loop,0,
ESM2-augmented GNN prioritization results.,A,134,SER,0.181360,0,0.700110,IDCL - Interdomain Connecting Loop,0,
ESM2-augmented GNN prioritization results.,A,135,CYS,0.180025,0,0.700110,Domain 2 core beta sheet,0,
ESM2-augmented GNN prioritization results.,A,136,VAL,0.173730,0,0.700110,Domain 2 core beta sheet,0,
ESM2-augmented GNN prioritization results.,A,137,VAL,0.177069,0,0.700110,Domain 2 core beta sheet,0,
ESM2-augmented GNN prioritization results.,A,138,LYS,0.163453,0,0.700110,Domain 2 core beta sheet,0,
ESM2-augmented GNN prioritization results.,A,139,MET,0.156777,0,0.700110,Domain 2 core beta sheet,0,
ESM2-augmented GNN prioritization results.,A,140,PRO,0.145651,0,0.700110,Domain 2 core beta sheet,0,
ESM2-augmented GNN prioritization results.,A,141,SER,0.140946,0,0.700110,Domain 2 core beta sheet,0,
ESM2-augmented GNN prioritization results.,A,142,GLY,0.135568,0,0.700110,Domain 2 core beta sheet,0,
ESM2-augmented GNN prioritization results.,A,143,GLU,0.137778,0,0.700110,Domain 2 core beta sheet,0,
ESM2-augmented GNN prioritization results.,A,144,PHE,0.146309,0,0.700110,Domain 2 core beta sheet,0,
ESM2-augmented GNN prioritization results.,A,145,ALA,0.151324,0,0.700110,Domain 2 core beta sheet,0,
ESM2-augmented GNN prioritization results.,A,146,ARG,0.148042,0,0.700110,Domain 2 core beta sheet,0,
ESM2-augmented GNN prioritization results.,A,147,ILE,0.155981,0,0.700110,Domain 2 core beta sheet,0,
ESM2-augmented GNN prioritization results.,A,148,CYS,0.162678,0,0.700110,Domain 2 core beta sheet,0,
ESM2-augmented GNN prioritization results.,A,149,ARG,0.167423,0,0.700110,Domain 2 core beta sheet,0,
ESM2-augmented GNN prioritization results.,A,150,ASP,0.178771,0,0.700110,Domain 2 core beta sheet,0,
ESM2-augmented GNN prioritization results.,A,151,LEU,0.204378,0,0.700110,Domain 2 core beta sheet,0,
ESM2-augmented GNN prioritization results.,A,152,SER,0.207613,0,0.700110,Domain 2 core beta sheet,0,
ESM2-augmented GNN prioritization results.,A,153,HIS,0.202555,0,0.700110,Domain 2 core beta sheet,0,
ESM2-augmented GNN prioritization results.,A,154,ILE,0.216894,0,0.700110,Domain 2 core beta sheet,0,
ESM2-augmented GNN prioritization results.,A,155,GLY,0.214454,0,0.700110,Domain 2 core beta sheet,0,
ESM2-augmented GNN prioritization results.,A,156,ASP,0.209428,0,0.700110,Domain 2 core beta sheet,0,
ESM2-augmented GNN prioritization results.,A,157,ALA,0.218244,0,0.700110,Domain 2 core beta sheet,0,
ESM2-augmented GNN prioritization results.,A,158,VAL,0.226832,0,0.700110,Domain 2 core beta sheet,0,
ESM2-augmented GNN prioritization results.,A,159,VAL,0.226270,0,0.700110,Domain 2 core beta sheet,0,
ESM2-augmented GNN prioritization results.,A,160,ILE,0.208815,0,0.700110,Domain 2 core beta sheet,0,
ESM2-augmented GNN prioritization results.,A,161,SER,0.189037,0,0.700110,Domain 2 core beta sheet,0,
ESM2-augmented GNN prioritization results.,A,162,CYS,0.163019,0,0.700110,Domain 2 core beta sheet,0,
ESM2-augmented GNN prioritization results.,A,163,ALA,0.147437,0,0.700110,Domain 2 core beta sheet,0,
ESM2-augmented GNN prioritization results.,A,164,LYS,0.136805,0,0.700110,Domain 2 core beta sheet,0,
ESM2-augmented GNN prioritization results.,A,165,ASP,0.128301,0,0.700110,Domain 2 core beta sheet,0,
ESM2-augmented GNN prioritization results.,A,166,GLY,0.132808,0,0.700110,Domain 2 core beta sheet,0,
ESM2-augmented GNN prioritization results.,A,167,VAL,0.141785,0,0.700110,Domain 2 core beta sheet,0,
ESM2-augmented GNN prioritization results.,A,168,LYS,0.154692,0,0.700110,Domain 2 core beta sheet,0,
ESM2-augmented GNN prioritization results.,A,169,PHE,0.174949,0,0.700110,Domain 2 core beta sheet,0,
ESM2-augmented GNN prioritization results.,A,170,SER,0.187304,0,0.700110,Domain 2 core beta sheet,0,
ESM2-augmented GNN prioritization results.,A,171,ALA,0.204363,0,0.700110,Domain 2 core beta sheet,0,
ESM2-augmented GNN prioritization results.,A,172,SER,0.207267,0,0.700110,Domain 2 core beta sheet,0,
ESM2-augmented GNN prioritization results.,A,173,GLY,0.217823,0,0.700110,Domain 2 core beta sheet,0,
ESM2-augmented GNN prioritization results.,A,174,GLU,0.227529,0,0.700110,Domain 2 core beta sheet,0,
ESM2-augmented GNN prioritization results.,A,175,LEU,0.231468,0,0.700110,Domain 2 core beta sheet,0,
ESM2-augmented GNN prioritization results.,A,176,GLY,0.230192,0,0.700110,Domain 2 core beta sheet,0,
ESM2-augmented GNN prioritization results.,A,177,ASN,0.220348,0,0.700110,Domain 2 core beta sheet,0,
ESM2-augmented GNN prioritization results.,A,178,GLY,0.201074,0,0.700110,Domain 2 core beta sheet,0,
ESM2-augmented GNN prioritization results.,A,179,ASN,0.179732,0,0.700110,Domain 2 core beta sheet,0,
ESM2-augmented GNN prioritization results.,A,180,ILE,0.159321,0,0.700110,Domain 2 core beta sheet,0,
ESM2-augmented GNN prioritization results.,A,181,LYS,0.145890,0,0.700110,Domain 2 core beta sheet,0,
ESM2-augmented GNN prioritization results.,A,182,LEU,0.141336,0,0.700110,Domain 2 core beta sheet,0,
ESM2-augmented GNN prioritization results.,A,183,SER,0.144244,0,0.700110,Domain 2 core beta sheet,0,
ESM2-augmented GNN prioritization results.,A,184,GLN,0.154219,0,0.700110,Domain 2 core beta sheet,0,
ESM2-augmented GNN prioritization results.,A,185,THR,0.171011,0,0.700110,Domain 2 core beta sheet,0,
ESM2-augmented GNN prioritization results.,A,186,SER,0.179395,0,0.700110,Domain 2 core beta sheet,0,
ESM2-augmented GNN prioritization results.,A,187,ASN,0.183772,0,0.700110,Domain 2 core beta sheet,0,
ESM2-augmented GNN prioritization results.,A,194,ALA,0.182128,0,0.700110,Domain 2 core beta sheet,0,
ESM2-augmented GNN prioritization results.,A,195,VAL,0.176841,0,0.700110,Domain 2 core beta sheet,0,
ESM2-augmented GNN prioritization results.,A,196,THR,0.180063,0,0.700110,Domain 2 core beta sheet,0,
ESM2-augmented GNN prioritization results.,A,197,ILE,0.171103,0,0.700110,Domain 2 core beta sheet,0,
ESM2-augmented GNN prioritization results.,A,198,GLU,0.182171,0,0.700110,Domain 2 core beta sheet,0,
ESM2-augmented GNN prioritization results.,A,199,MET,0.179166,0,0.700110,Domain 2 core beta sheet,0,
ESM2-augmented GNN prioritization results.,A,200,ASN,0.184592,0,0.700110,Domain 2 core beta sheet,0,
ESM2-augmented GNN prioritization results.,A,201,GLU,0.183357,0,0.700110,Domain 2 core beta sheet,0,
ESM2-augmented GNN prioritization results.,A,202,PRO,0.187337,0,0.700110,Domain 2 core beta sheet,0,
ESM2-augmented GNN prioritization results.,A,203,VAL,0.205757,0,0.700110,Domain 2 core beta sheet,0,
ESM2-augmented GNN prioritization results.,A,204,GLN,0.228209,0,0.700110,Domain 2 core beta sheet,0,
ESM2-augmented GNN prioritization results.,A,205,LEU,0.264137,0,0.700110,Domain 2 core beta sheet,0,
ESM2-augmented GNN prioritization results.,A,206,THR,0.278603,0,0.700110,Domain 2 core beta sheet,0,
ESM2-augmented GNN prioritization results.,A,207,PHE,0.275684,0,0.700110,Domain 2 core beta sheet,0,
ESM2-augmented GNN prioritization results.,A,208,ALA,0.243322,0,0.700110,Domain 2 core beta sheet,0,
ESM2-augmented GNN prioritization results.,A,209,LEU,0.211888,0,0.700110,Domain 2 core beta sheet,0,
ESM2-augmented GNN prioritization results.,A,210,ARG,0.205458,0,0.700110,Domain 2 core beta sheet,0,
ESM2-augmented GNN prioritization results.,A,211,TYR,0.220468,0,0.700110,Domain 2 core beta sheet,0,
ESM2-augmented GNN prioritization results.,A,212,LEU,0.208858,0,0.700110,Domain 2 core beta sheet,0,
ESM2-augmented GNN prioritization results.,A,213,ASN,0.191252,0,0.700110,Domain 2 core beta sheet,0,
ESM2-augmented GNN prioritization results.,A,214,PHE,0.193559,0,0.700110,Domain 2 core beta sheet,0,
ESM2-augmented GNN prioritization results.,A,215,PHE,0.181745,0,0.700110,Domain 2 core beta sheet,0,
ESM2-augmented GNN prioritization results.,A,216,THR,0.162294,0,0.700110,Domain 2 core beta sheet,0,
ESM2-augmented GNN prioritization results.,A,217,LYS,0.161391,0,0.700110,Domain 2 core beta sheet,0,
ESM2-augmented GNN prioritization results.,A,218,ALA,0.169710,0,0.700110,Domain 2 core beta sheet,0,
ESM2-augmented GNN prioritization results.,A,219,THR,0.166886,0,0.700110,Domain 2 core beta sheet,0,
ESM2-augmented GNN prioritization results.,A,220,PRO,0.165202,0,0.700110,Domain 2 core beta sheet,0,
ESM2-augmented GNN prioritization results.,A,221,LEU,0.168673,0,0.700110,Domain 2 core beta sheet,0,
ESM2-augmented GNN prioritization results.,A,222,SER,0.163541,0,0.700110,Domain 2 core beta sheet,0,
ESM2-augmented GNN prioritization results.,A,223,SER,0.149182,0,0.700110,Domain 2 core beta sheet,0,
ESM2-augmented GNN prioritization results.,A,224,THR,0.153578,0,0.700110,Domain 2 core beta sheet,0,
ESM2-augmented GNN prioritization results.,A,225,VAL,0.161795,0,0.700110,Domain 2 core beta sheet,0,
ESM2-augmented GNN prioritization results.,A,226,THR,0.176206,0,0.700110,Domain 2 core beta sheet,0,
ESM2-augmented GNN prioritization results.,A,227,LEU,0.194086,0,0.700110,Domain 2 core beta sheet,0,
ESM2-augmented GNN prioritization results.,A,228,ILE,0.210380,0,0.700110,Domain 2 core beta sheet,0,
ESM2-augmented GNN prioritization results.,A,229,MET,0.226169,0,0.700110,Domain 2 core beta sheet,0,
ESM2-augmented GNN prioritization results.,A,230,SER,0.237533,0,0.700110,Domain 2 core beta sheet,0,
ESM2-augmented GNN prioritization results.,A,231,ALA,0.253612,0,0.700110,C-terminal loop - AOH1996 cryptic pocket region,1,
ESM2-augmented GNN prioritization results.,A,232,ASP,0.274318,0,0.700110,C-terminal loop - AOH1996 cryptic pocket region,1,
ESM2-augmented GNN prioritization results.,A,233,VAL,0.272723,0,0.700110,C-terminal loop - AOH1996 cryptic pocket region,1,
ESM2-augmented GNN prioritization results.,A,234,PRO,0.283631,0,0.700110,C-terminal loop - AOH1996 cryptic pocket region,1,
ESM2-augmented GNN prioritization results.,A,235,LEU,0.271916,0,0.700110,C-terminal loop - AOH1996 cryptic pocket region,0,
ESM2-augmented GNN prioritization results.,A,236,VAL,0.249909,0,0.700110,C-terminal loop - AOH1996 cryptic pocket region,0,
ESM2-augmented GNN prioritization results.,A,237,VAL,0.221328,0,0.700110,C-terminal loop - AOH1996 cryptic pocket region,0,
ESM2-augmented GNN prioritization results.,A,238,GLU,0.197121,0,0.700110,C-terminal loop - AOH1996 cryptic pocket region,0,
ESM2-augmented GNN prioritization results.,A,239,TYR,0.177873,0,0.700110,C-terminal loop - AOH1996 cryptic pocket region,0,
ESM2-augmented GNN prioritization results.,A,240,LYS,0.174386,0,0.700110,C-terminal loop - AOH1996 cryptic pocket region,0,
ESM2-augmented GNN prioritization results.,A,241,ILE,0.182821,0,0.700110,C-terminal loop - AOH1996 cryptic pocket region,0,
ESM2-augmented GNN prioritization results.,A,242,ALA,0.185216,0,0.700110,C-terminal loop - AOH1996 cryptic pocket region,0,
ESM2-augmented GNN prioritization results.,A,243,ASP,0.193636,0,0.700110,C-terminal loop - AOH1996 cryptic pocket region,0,
ESM2-augmented GNN prioritization results.,A,244,MET,0.189280,0,0.700110,C-terminal loop - AOH1996 cryptic pocket region,0,
ESM2-augmented GNN prioritization results.,A,245,GLY,0.189214,0,0.700110,C-terminal loop - AOH1996 cryptic pocket region,0,
ESM2-augmented GNN prioritization results.,A,246,HIS,0.185654,0,0.700110,C-terminal loop - AOH1996 cryptic pocket region,0,
ESM2-augmented GNN prioritization results.,A,247,LEU,0.194724,0,0.700110,C-terminal loop - AOH1996 cryptic pocket region,0,
ESM2-augmented GNN prioritization results.,A,248,LYS,0.210068,0,0.700110,C-terminal loop - AOH1996 cryptic pocket region,0,
ESM2-augmented GNN prioritization results.,A,249,TYR,0.255746,0,0.700110,C-terminal loop - AOH1996 cryptic pocket region,0,
ESM2-augmented GNN prioritization results.,A,250,TYR,0.356488,0,0.700110,C-terminal loop - AOH1996 cryptic pocket region,1,
ESM2-augmented GNN prioritization results.,A,251,LEU,0.525308,0,0.700110,C-terminal loop - AOH1996 cryptic pocket region,1,
ESM2-augmented GNN prioritization results.,A,252,ALA,0.565406,0,0.700110,C-terminal loop - AOH1996 cryptic pocket region,1,
ESM2-augmented GNN prioritization results.,A,253,PRO,0.585905,0,0.700110,C-terminal loop - AOH1996 cryptic pocket region,1,
ESM2-augmented GNN prioritization results.,A,254,LYS,0.584407,0,0.700110,C-terminal tail (protein-protein interface),0,
ESM2-augmented GNN prioritization results.,A,255,ILE,0.578630,0,0.700110,C-terminal tail (protein-protein interface),0,
ESM2-augmented GNN prioritization results.,B,1,MET,0.198486,0,0.700110,N-terminal beta sheet (domain 1),0,
ESM2-augmented GNN prioritization results.,B,2,PHE,0.202182,0,0.700110,N-terminal beta sheet (domain 1),0,
ESM2-augmented GNN prioritization results.,B,3,GLU,0.209355,0,0.700110,N-terminal beta sheet (domain 1),0,
ESM2-augmented GNN prioritization results.,B,4,ALA,0.216799,0,0.700110,N-terminal beta sheet (domain 1),0,
ESM2-augmented GNN prioritization results.,B,5,ARG,0.225597,0,0.700110,N-terminal beta sheet (domain 1),0,
ESM2-augmented GNN prioritization results.,B,6,LEU,0.227119,0,0.700110,N-terminal beta sheet (domain 1),0,
ESM2-augmented GNN prioritization results.,B,7,VAL,0.225778,0,0.700110,N-terminal beta sheet (domain 1),0,
ESM2-augmented GNN prioritization results.,B,8,GLN,0.220718,0,0.700110,N-terminal beta sheet (domain 1),0,
ESM2-augmented GNN prioritization results.,B,9,GLY,0.216103,0,0.700110,N-terminal beta sheet (domain 1),0,
ESM2-augmented GNN prioritization results.,B,10,SER,0.207675,0,0.700110,N-terminal beta sheet (domain 1),0,
ESM2-augmented GNN prioritization results.,B,11,ILE,0.197790,0,0.700110,N-terminal beta sheet (domain 1),0,
ESM2-augmented GNN prioritization results.,B,12,LEU,0.189635,0,0.700110,N-terminal beta sheet (domain 1),0,
ESM2-augmented GNN prioritization results.,B,13,LYS,0.186576,0,0.700110,N-terminal beta sheet (domain 1),0,
ESM2-augmented GNN prioritization results.,B,14,LYS,0.184973,0,0.700110,N-terminal beta sheet (domain 1),0,
ESM2-augmented GNN prioritization results.,B,15,VAL,0.185177,0,0.700110,N-terminal beta sheet (domain 1),0,
ESM2-augmented GNN prioritization results.,B,16,LEU,0.190426,0,0.700110,N-terminal beta sheet (domain 1),0,
ESM2-augmented GNN prioritization results.,B,17,GLU,0.198369,0,0.700110,N-terminal beta sheet (domain 1),0,
ESM2-augmented GNN prioritization results.,B,18,ALA,0.210077,0,0.700110,N-terminal beta sheet (domain 1),0,
ESM2-augmented GNN prioritization results.,B,19,LEU,0.216950,0,0.700110,N-terminal beta sheet (domain 1),0,
ESM2-augmented GNN prioritization results.,B,20,LYS,0.224170,0,0.700110,N-terminal beta sheet (domain 1),0,
ESM2-augmented GNN prioritization results.,B,21,ASP,0.225304,0,0.700110,N-terminal beta sheet (domain 1),0,
ESM2-augmented GNN prioritization results.,B,22,LEU,0.237831,0,0.700110,N-terminal beta sheet (domain 1),0,
ESM2-augmented GNN prioritization results.,B,23,ILE,0.251639,0,0.700110,N-terminal beta sheet (domain 1),1,
ESM2-augmented GNN prioritization results.,B,24,ASN,0.246628,0,0.700110,N-terminal beta sheet (domain 1),0,
ESM2-augmented GNN prioritization results.,B,25,GLU,0.256011,0,0.700110,N-terminal beta sheet (domain 1),1,
ESM2-augmented GNN prioritization results.,B,26,ALA,0.263251,0,0.700110,N-terminal beta sheet (domain 1),1,
ESM2-augmented GNN prioritization results.,B,27,CYS,0.253277,0,0.700110,N-terminal beta sheet (domain 1),1,
ESM2-augmented GNN prioritization results.,B,28,TRP,0.238516,0,0.700110,N-terminal beta sheet (domain 1),0,
ESM2-augmented GNN prioritization results.,B,29,ASP,0.217618,0,0.700110,N-terminal beta sheet (domain 1),0,
ESM2-augmented GNN prioritization results.,B,30,ILE,0.197623,0,0.700110,N-terminal beta sheet (domain 1),0,
ESM2-augmented GNN prioritization results.,B,31,SER,0.182000,0,0.700110,N-terminal beta sheet (domain 1),0,
ESM2-augmented GNN prioritization results.,B,32,SER,0.174113,0,0.700110,N-terminal beta sheet (domain 1),0,
ESM2-augmented GNN prioritization results.,B,33,SER,0.172324,0,0.700110,N-terminal beta sheet (domain 1),0,
ESM2-augmented GNN prioritization results.,B,34,GLY,0.180161,0,0.700110,N-terminal beta sheet (domain 1),0,
ESM2-augmented GNN prioritization results.,B,35,VAL,0.190346,0,0.700110,N-terminal beta sheet (domain 1),0,
ESM2-augmented GNN prioritization results.,B,36,ASN,0.208122,0,0.700110,N-terminal beta sheet (domain 1),0,
ESM2-augmented GNN prioritization results.,B,37,LEU,0.249328,0,0.700110,N-terminal beta sheet (domain 1),0,
ESM2-augmented GNN prioritization results.,B,38,GLN,0.304215,0,0.700110,N-terminal beta sheet (domain 1),1,
ESM2-augmented GNN prioritization results.,B,39,SER,0.578470,0,0.700110,N-terminal beta sheet (domain 1),1,
ESM2-augmented GNN prioritization results.,B,40,MET,0.651601,0,0.700110,N-terminal beta sheet (domain 1),1,
ESM2-augmented GNN prioritization results.,B,41,ASP,0.683887,0,0.700110,Front-face loop (PIP-box groove),1,
ESM2-augmented GNN prioritization results.,B,42,SER,0.696830,0,0.700110,Front-face loop (PIP-box groove),1,
ESM2-augmented GNN prioritization results.,B,43,SER,0.695243,0,0.700110,Front-face loop (PIP-box groove),0,
ESM2-augmented GNN prioritization results.,B,44,HIS,0.691274,0,0.700110,Front-face loop (PIP-box groove),1,
ESM2-augmented GNN prioritization results.,B,45,VAL,0.682333,0,0.700110,Front-face loop (PIP-box groove),1,
ESM2-augmented GNN prioritization results.,B,46,SER,0.657751,0,0.700110,Front-face loop (PIP-box groove),1,
ESM2-augmented GNN prioritization results.,B,47,LEU,0.543629,0,0.700110,Front-face loop (PIP-box groove),1,
ESM2-augmented GNN prioritization results.,B,48,VAL,0.491487,0,0.700110,Core beta sheet,0,
ESM2-augmented GNN prioritization results.,B,49,GLN,0.334972,0,0.700110,Core beta sheet,0,
ESM2-augmented GNN prioritization results.,B,50,LEU,0.278782,0,0.700110,Core beta sheet,0,
ESM2-augmented GNN prioritization results.,B,51,THR,0.243546,0,0.700110,Core beta sheet,0,
ESM2-augmented GNN prioritization results.,B,52,LEU,0.212009,0,0.700110,Core beta sheet,0,
ESM2-augmented GNN prioritization results.,B,53,ARG,0.197279,0,0.700110,Core beta sheet,0,
ESM2-augmented GNN prioritization results.,B,54,SER,0.185436,0,0.700110,Core beta sheet,0,
ESM2-augmented GNN prioritization results.,B,55,GLU,0.188109,0,0.700110,Core beta sheet,0,
ESM2-augmented GNN prioritization results.,B,56,GLY,0.202155,0,0.700110,Core beta sheet,0,
ESM2-augmented GNN prioritization results.,B,57,PHE,0.217463,0,0.700110,Core beta sheet,0,
ESM2-augmented GNN prioritization results.,B,58,ASP,0.231340,0,0.700110,Core beta sheet,0,
ESM2-augmented GNN prioritization results.,B,59,THR,0.245648,0,0.700110,Core beta sheet,0,
ESM2-augmented GNN prioritization results.,B,60,TYR,0.232596,0,0.700110,Core beta sheet,0,
ESM2-augmented GNN prioritization results.,B,61,ARG,0.228798,0,0.700110,Core beta sheet,0,
ESM2-augmented GNN prioritization results.,B,62,CYS,0.219316,0,0.700110,Core beta sheet,0,
ESM2-augmented GNN prioritization results.,B,63,ASP,0.216598,0,0.700110,Core beta sheet,0,
ESM2-augmented GNN prioritization results.,B,64,ARG,0.214289,0,0.700110,Core beta sheet,0,
ESM2-augmented GNN prioritization results.,B,65,ASN,0.229749,0,0.700110,Core beta sheet,0,
ESM2-augmented GNN prioritization results.,B,66,LEU,0.239457,0,0.700110,Core beta sheet,0,
ESM2-augmented GNN prioritization results.,B,67,ALA,0.280442,0,0.700110,Core beta sheet,0,
ESM2-augmented GNN prioritization results.,B,68,MET,0.297803,0,0.700110,Core beta sheet,0,
ESM2-augmented GNN prioritization results.,B,69,GLY,0.342807,0,0.700110,Core beta sheet,0,
ESM2-augmented GNN prioritization results.,B,70,VAL,0.345044,0,0.700110,Core beta sheet,0,
ESM2-augmented GNN prioritization results.,B,71,ASN,0.333222,0,0.700110,Core beta sheet,0,
ESM2-augmented GNN prioritization results.,B,72,LEU,0.286617,0,0.700110,Core beta sheet,0,
ESM2-augmented GNN prioritization results.,B,73,THR,0.269579,0,0.700110,Core beta sheet,0,
ESM2-augmented GNN prioritization results.,B,74,SER,0.246631,0,0.700110,Core beta sheet,0,
ESM2-augmented GNN prioritization results.,B,75,MET,0.237924,0,0.700110,Core beta sheet,0,
ESM2-augmented GNN prioritization results.,B,76,SER,0.213408,0,0.700110,Core beta sheet,0,
ESM2-augmented GNN prioritization results.,B,77,LYS,0.209257,0,0.700110,Core beta sheet,0,
ESM2-augmented GNN prioritization results.,B,78,ILE,0.204441,0,0.700110,Core beta sheet,0,
ESM2-augmented GNN prioritization results.,B,79,LEU,0.197715,0,0.700110,Core beta sheet,0,
ESM2-augmented GNN prioritization results.,B,80,LYS,0.199177,0,0.700110,Core beta sheet,0,
ESM2-augmented GNN prioritization results.,B,81,CYS,0.200891,0,0.700110,Core beta sheet,0,
ESM2-augmented GNN prioritization results.,B,82,ALA,0.206832,0,0.700110,Core beta sheet,0,
ESM2-augmented GNN prioritization results.,B,83,GLY,0.207753,0,0.700110,Core beta sheet,0,
ESM2-augmented GNN prioritization results.,B,84,ASN,0.198681,0,0.700110,Core beta sheet,0,
ESM2-augmented GNN prioritization results.,B,85,GLU,0.203400,0,0.700110,Core beta sheet,0,
ESM2-augmented GNN prioritization results.,B,86,ASP,0.204822,0,0.700110,Core beta sheet,0,
ESM2-augmented GNN prioritization results.,B,87,ILE,0.211880,0,0.700110,Core beta sheet,0,
ESM2-augmented GNN prioritization results.,B,88,ILE,0.215845,0,0.700110,Core beta sheet,0,
ESM2-augmented GNN prioritization results.,B,89,THR,0.223271,0,0.700110,Core beta sheet,0,
ESM2-augmented GNN prioritization results.,B,90,LEU,0.221896,0,0.700110,Core beta sheet,0,
ESM2-augmented GNN prioritization results.,B,91,ARG,0.219231,0,0.700110,Core beta sheet,0,
ESM2-augmented GNN prioritization results.,B,92,ALA,0.214420,0,0.700110,Core beta sheet,0,
ESM2-augmented GNN prioritization results.,B,93,GLU,0.209268,0,0.700110,Core beta sheet,0,
ESM2-augmented GNN prioritization results.,B,94,ASP,0.208344,0,0.700110,Core beta sheet,0,
ESM2-augmented GNN prioritization results.,B,95,ASN,0.211597,0,0.700110,Core beta sheet,0,
ESM2-augmented GNN prioritization results.,B,96,ALA,0.217046,0,0.700110,Core beta sheet,0,
ESM2-augmented GNN prioritization results.,B,97,ASP,0.227317,0,0.700110,Core beta sheet,0,
ESM2-augmented GNN prioritization results.,B,98,THR,0.227028,0,0.700110,Core beta sheet,0,
ESM2-augmented GNN prioritization results.,B,99,LEU,0.232294,0,0.700110,Core beta sheet,0,
ESM2-augmented GNN prioritization results.,B,100,ALA,0.245906,0,0.700110,Core beta sheet,0,
ESM2-augmented GNN prioritization results.,B,101,LEU,0.262598,0,0.700110,Core beta sheet,0,
ESM2-augmented GNN prioritization results.,B,102,VAL,0.284261,0,0.700110,Core beta sheet,0,
ESM2-augmented GNN prioritization results.,B,103,PHE,0.304280,0,0.700110,Core beta sheet,0,
ESM2-augmented GNN prioritization results.,B,104,GLU,0.313951,0,0.700110,Core beta sheet,0,
ESM2-augmented GNN prioritization results.,B,105,ALA,0.320431,0,0.700110,Core beta sheet,0,
ESM2-augmented GNN prioritization results.,B,106,PRO,0.291833,0,0.700110,Core beta sheet,0,
ESM2-augmented GNN prioritization results.,B,107,ASN,0.286330,0,0.700110,Core beta sheet,0,
ESM2-augmented GNN prioritization results.,B,108,GLN,0.260090,0,0.700110,Core beta sheet,0,
ESM2-augmented GNN prioritization results.,B,109,GLU,0.251547,0,0.700110,Core beta sheet,0,
ESM2-augmented GNN prioritization results.,B,110,LYS,0.237784,0,0.700110,Core beta sheet,0,
ESM2-augmented GNN prioritization results.,B,111,VAL,0.233839,0,0.700110,Core beta sheet,0,
ESM2-augmented GNN prioritization results.,B,112,SER,0.229376,0,0.700110,Core beta sheet,0,
ESM2-augmented GNN prioritization results.,B,113,ASP,0.231565,0,0.700110,Core beta sheet,0,
ESM2-augmented GNN prioritization results.,B,114,TYR,0.232860,0,0.700110,Core beta sheet,0,
ESM2-augmented GNN prioritization results.,B,115,GLU,0.236293,0,0.700110,Core beta sheet,0,
ESM2-augmented GNN prioritization results.,B,116,MET,0.251619,0,0.700110,Core beta sheet,0,
ESM2-augmented GNN prioritization results.,B,117,LYS,0.257925,0,0.700110,Core beta sheet,0,
ESM2-augmented GNN prioritization results.,B,118,LEU,0.287198,0,0.700110,Core beta sheet,0,
ESM2-augmented GNN prioritization results.,B,119,MET,0.294570,0,0.700110,IDCL - Interdomain Connecting Loop,0,
ESM2-augmented GNN prioritization results.,B,120,ASP,0.315710,0,0.700110,IDCL - Interdomain Connecting Loop,0,
ESM2-augmented GNN prioritization results.,B,121,LEU,0.292956,0,0.700110,IDCL - Interdomain Connecting Loop,0,
ESM2-augmented GNN prioritization results.,B,122,ASP,0.254386,0,0.700110,IDCL - Interdomain Connecting Loop,0,
ESM2-augmented GNN prioritization results.,B,123,VAL,0.242087,0,0.700110,IDCL - Interdomain Connecting Loop,1,
ESM2-augmented GNN prioritization results.,B,124,GLU,0.222601,0,0.700110,IDCL - Interdomain Connecting Loop,0,
ESM2-augmented GNN prioritization results.,B,125,GLN,0.214915,0,0.700110,IDCL - Interdomain Connecting Loop,1,
ESM2-augmented GNN prioritization results.,B,126,LEU,0.215249,0,0.700110,IDCL - Interdomain Connecting Loop,1,
ESM2-augmented GNN prioritization results.,B,127,GLY,0.214815,0,0.700110,IDCL - Interdomain Connecting Loop,0,
ESM2-augmented GNN prioritization results.,B,128,ILE,0.214382,0,0.700110,IDCL - Interdomain Connecting Loop,1,
ESM2-augmented GNN prioritization results.,B,129,PRO,0.205945,0,0.700110,IDCL - Interdomain Connecting Loop,0,
ESM2-augmented GNN prioritization results.,B,130,GLU,0.199570,0,0.700110,IDCL - Interdomain Connecting Loop,0,
ESM2-augmented GNN prioritization results.,B,131,GLN,0.216361,0,0.700110,IDCL - Interdomain Connecting Loop,0,
ESM2-augmented GNN prioritization results.,B,132,GLU,0.218994,0,0.700110,IDCL - Interdomain Connecting Loop,0,
ESM2-augmented GNN prioritization results.,B,133,TYR,0.230359,0,0.700110,IDCL - Interdomain Connecting Loop,0,
ESM2-augmented GNN prioritization results.,B,134,SER,0.230414,0,0.700110,IDCL - Interdomain Connecting Loop,0,
ESM2-augmented GNN prioritization results.,B,135,CYS,0.232063,0,0.700110,Domain 2 core beta sheet,0,
ESM2-augmented GNN prioritization results.,B,136,VAL,0.219378,0,0.700110,Domain 2 core beta sheet,0,
ESM2-augmented GNN prioritization results.,B,137,VAL,0.223718,0,0.700110,Domain 2 core beta sheet,0,
ESM2-augmented GNN prioritization results.,B,138,LYS,0.202258,0,0.700110,Domain 2 core beta sheet,0,
ESM2-augmented GNN prioritization results.,B,139,MET,0.193637,0,0.700110,Domain 2 core beta sheet,0,
ESM2-augmented GNN prioritization results.,B,140,PRO,0.177254,0,0.700110,Domain 2 core beta sheet,0,
ESM2-augmented GNN prioritization results.,B,141,SER,0.171535,0,0.700110,Domain 2 core beta sheet,0,
ESM2-augmented GNN prioritization results.,B,142,GLY,0.163653,0,0.700110,Domain 2 core beta sheet,0,
ESM2-augmented GNN prioritization results.,B,143,GLU,0.170058,0,0.700110,Domain 2 core beta sheet,0,
ESM2-augmented GNN prioritization results.,B,144,PHE,0.180321,0,0.700110,Domain 2 core beta sheet,0,
ESM2-augmented GNN prioritization results.,B,145,ALA,0.189268,0,0.700110,Domain 2 core beta sheet,0,
ESM2-augmented GNN prioritization results.,B,146,ARG,0.188760,0,0.700110,Domain 2 core beta sheet,0,
ESM2-augmented GNN prioritization results.,B,147,ILE,0.198238,0,0.700110,Domain 2 core beta sheet,0,
ESM2-augmented GNN prioritization results.,B,148,CYS,0.207622,0,0.700110,Domain 2 core beta sheet,0,
ESM2-augmented GNN prioritization results.,B,149,ARG,0.214001,0,0.700110,Domain 2 core beta sheet,0,
ESM2-augmented GNN prioritization results.,B,150,ASP,0.229655,0,0.700110,Domain 2 core beta sheet,0,
ESM2-augmented GNN prioritization results.,B,151,LEU,0.257265,0,0.700110,Domain 2 core beta sheet,0,
ESM2-augmented GNN prioritization results.,B,152,SER,0.268178,0,0.700110,Domain 2 core beta sheet,0,
ESM2-augmented GNN prioritization results.,B,153,HIS,0.262168,0,0.700110,Domain 2 core beta sheet,0,
ESM2-augmented GNN prioritization results.,B,154,ILE,0.263026,0,0.700110,Domain 2 core beta sheet,0,
ESM2-augmented GNN prioritization results.,B,155,GLY,0.255498,0,0.700110,Domain 2 core beta sheet,0,
ESM2-augmented GNN prioritization results.,B,156,ASP,0.248376,0,0.700110,Domain 2 core beta sheet,0,
ESM2-augmented GNN prioritization results.,B,157,ALA,0.259640,0,0.700110,Domain 2 core beta sheet,0,
ESM2-augmented GNN prioritization results.,B,158,VAL,0.268363,0,0.700110,Domain 2 core beta sheet,0,
ESM2-augmented GNN prioritization results.,B,159,VAL,0.274447,0,0.700110,Domain 2 core beta sheet,0,
ESM2-augmented GNN prioritization results.,B,160,ILE,0.259578,0,0.700110,Domain 2 core beta sheet,0,
ESM2-augmented GNN prioritization results.,B,161,SER,0.241547,0,0.700110,Domain 2 core beta sheet,0,
ESM2-augmented GNN prioritization results.,B,162,CYS,0.211792,0,0.700110,Domain 2 core beta sheet,0,
ESM2-augmented GNN prioritization results.,B,163,ALA,0.196440,0,0.700110,Domain 2 core beta sheet,0,
ESM2-augmented GNN prioritization results.,B,164,LYS,0.182110,0,0.700110,Domain 2 core beta sheet,0,
ESM2-augmented GNN prioritization results.,B,165,ASP,0.174861,0,0.700110,Domain 2 core beta sheet,0,
ESM2-augmented GNN prioritization results.,B,166,GLY,0.180162,0,0.700110,Domain 2 core beta sheet,0,
ESM2-augmented GNN prioritization results.,B,167,VAL,0.192319,0,0.700110,Domain 2 core beta sheet,0,
ESM2-augmented GNN prioritization results.,B,168,LYS,0.203641,0,0.700110,Domain 2 core beta sheet,0,
ESM2-augmented GNN prioritization results.,B,169,PHE,0.223719,0,0.700110,Domain 2 core beta sheet,0,
ESM2-augmented GNN prioritization results.,B,170,SER,0.234201,0,0.700110,Domain 2 core beta sheet,0,
ESM2-augmented GNN prioritization results.,B,171,ALA,0.251213,0,0.700110,Domain 2 core beta sheet,0,
ESM2-augmented GNN prioritization results.,B,172,SER,0.249274,0,0.700110,Domain 2 core beta sheet,0,
ESM2-augmented GNN prioritization results.,B,173,GLY,0.259348,0,0.700110,Domain 2 core beta sheet,0,
ESM2-augmented GNN prioritization results.,B,174,GLU,0.266541,0,0.700110,Domain 2 core beta sheet,0,
ESM2-augmented GNN prioritization results.,B,175,LEU,0.271388,0,0.700110,Domain 2 core beta sheet,0,
ESM2-augmented GNN prioritization results.,B,176,GLY,0.269278,0,0.700110,Domain 2 core beta sheet,0,
ESM2-augmented GNN prioritization results.,B,177,ASN,0.258847,0,0.700110,Domain 2 core beta sheet,0,
ESM2-augmented GNN prioritization results.,B,178,GLY,0.241190,0,0.700110,Domain 2 core beta sheet,0,
ESM2-augmented GNN prioritization results.,B,179,ASN,0.223569,0,0.700110,Domain 2 core beta sheet,0,
ESM2-augmented GNN prioritization results.,B,180,ILE,0.203499,0,0.700110,Domain 2 core beta sheet,0,
ESM2-augmented GNN prioritization results.,B,181,LYS,0.194254,0,0.700110,Domain 2 core beta sheet,0,
ESM2-augmented GNN prioritization results.,B,182,LEU,0.192419,0,0.700110,Domain 2 core beta sheet,0,
ESM2-augmented GNN prioritization results.,B,183,SER,0.195837,0,0.700110,Domain 2 core beta sheet,0,
ESM2-augmented GNN prioritization results.,B,184,GLN,0.202867,0,0.700110,Domain 2 core beta sheet,0,
ESM2-augmented GNN prioritization results.,B,185,THR,0.217875,0,0.700110,Domain 2 core beta sheet,0,
ESM2-augmented GNN prioritization results.,B,194,ALA,0.227159,0,0.700110,Domain 2 core beta sheet,0,
ESM2-augmented GNN prioritization results.,B,195,VAL,0.231975,0,0.700110,Domain 2 core beta sheet,0,
ESM2-augmented GNN prioritization results.,B,196,THR,0.242010,0,0.700110,Domain 2 core beta sheet,0,
ESM2-augmented GNN prioritization results.,B,197,ILE,0.240965,0,0.700110,Domain 2 core beta sheet,0,
ESM2-augmented GNN prioritization results.,B,198,GLU,0.253393,0,0.700110,Domain 2 core beta sheet,0,
ESM2-augmented GNN prioritization results.,B,199,MET,0.246981,0,0.700110,Domain 2 core beta sheet,0,
ESM2-augmented GNN prioritization results.,B,200,ASN,0.253294,0,0.700110,Domain 2 core beta sheet,0,
ESM2-augmented GNN prioritization results.,B,201,GLU,0.251426,0,0.700110,Domain 2 core beta sheet,0,
ESM2-augmented GNN prioritization results.,B,202,PRO,0.256917,0,0.700110,Domain 2 core beta sheet,0,
ESM2-augmented GNN prioritization results.,B,203,VAL,0.279702,0,0.700110,Domain 2 core beta sheet,0,
ESM2-augmented GNN prioritization results.,B,204,GLN,0.311850,0,0.700110,Domain 2 core beta sheet,0,
ESM2-augmented GNN prioritization results.,B,205,LEU,0.353866,0,0.700110,Domain 2 core beta sheet,0,
ESM2-augmented GNN prioritization results.,B,206,THR,0.377052,0,0.700110,Domain 2 core beta sheet,0,
ESM2-augmented GNN prioritization results.,B,207,PHE,0.367840,0,0.700110,Domain 2 core beta sheet,0,
ESM2-augmented GNN prioritization results.,B,208,ALA,0.333157,0,0.700110,Domain 2 core beta sheet,0,
ESM2-augmented GNN prioritization results.,B,209,LEU,0.290492,0,0.700110,Domain 2 core beta sheet,0,
ESM2-augmented GNN prioritization results.,B,210,ARG,0.285677,0,0.700110,Domain 2 core beta sheet,0,
ESM2-augmented GNN prioritization results.,B,211,TYR,0.296735,0,0.700110,Domain 2 core beta sheet,0,
ESM2-augmented GNN prioritization results.,B,212,LEU,0.286582,0,0.700110,Domain 2 core beta sheet,0,
ESM2-augmented GNN prioritization results.,B,213,ASN,0.252025,0,0.700110,Domain 2 core beta sheet,0,
ESM2-augmented GNN prioritization results.,B,214,PHE,0.242314,0,0.700110,Domain 2 core beta sheet,0,
ESM2-augmented GNN prioritization results.,B,215,PHE,0.220368,0,0.700110,Domain 2 core beta sheet,0,
ESM2-augmented GNN prioritization results.,B,216,THR,0.200678,0,0.700110,Domain 2 core beta sheet,0,
ESM2-augmented GNN prioritization results.,B,217,LYS,0.199497,0,0.700110,Domain 2 core beta sheet,0,
ESM2-augmented GNN prioritization results.,B,218,ALA,0.206991,0,0.700110,Domain 2 core beta sheet,0,
ESM2-augmented GNN prioritization results.,B,219,THR,0.203149,0,0.700110,Domain 2 core beta sheet,0,
ESM2-augmented GNN prioritization results.,B,220,PRO,0.203091,0,0.700110,Domain 2 core beta sheet,0,
ESM2-augmented GNN prioritization results.,B,221,LEU,0.204600,0,0.700110,Domain 2 core beta sheet,0,
ESM2-augmented GNN prioritization results.,B,222,SER,0.198063,0,0.700110,Domain 2 core beta sheet,0,
ESM2-augmented GNN prioritization results.,B,223,SER,0.180454,0,0.700110,Domain 2 core beta sheet,0,
ESM2-augmented GNN prioritization results.,B,224,THR,0.185425,0,0.700110,Domain 2 core beta sheet,0,
ESM2-augmented GNN prioritization results.,B,225,VAL,0.193276,0,0.700110,Domain 2 core beta sheet,0,
ESM2-augmented GNN prioritization results.,B,226,THR,0.216246,0,0.700110,Domain 2 core beta sheet,0,
ESM2-augmented GNN prioritization results.,B,227,LEU,0.244448,0,0.700110,Domain 2 core beta sheet,0,
ESM2-augmented GNN prioritization results.,B,228,ILE,0.280767,0,0.700110,Domain 2 core beta sheet,0,
ESM2-augmented GNN prioritization results.,B,229,MET,0.304322,0,0.700110,Domain 2 core beta sheet,0,
ESM2-augmented GNN prioritization results.,B,230,SER,0.320450,0,0.700110,Domain 2 core beta sheet,0,
ESM2-augmented GNN prioritization results.,B,231,ALA,0.338737,0,0.700110,C-terminal loop - AOH1996 cryptic pocket region,1,
ESM2-augmented GNN prioritization results.,B,232,ASP,0.352529,0,0.700110,C-terminal loop - AOH1996 cryptic pocket region,1,
ESM2-augmented GNN prioritization results.,B,233,VAL,0.353704,0,0.700110,C-terminal loop - AOH1996 cryptic pocket region,1,
ESM2-augmented GNN prioritization results.,B,234,PRO,0.361172,0,0.700110,C-terminal loop - AOH1996 cryptic pocket region,1,
ESM2-augmented GNN prioritization results.,B,235,LEU,0.347132,0,0.700110,C-terminal loop - AOH1996 cryptic pocket region,0,
ESM2-augmented GNN prioritization results.,B,236,VAL,0.320274,0,0.700110,C-terminal loop - AOH1996 cryptic pocket region,0,
ESM2-augmented GNN prioritization results.,B,237,VAL,0.274353,0,0.700110,C-terminal loop - AOH1996 cryptic pocket region,0,
ESM2-augmented GNN prioritization results.,B,238,GLU,0.240901,0,0.700110,C-terminal loop - AOH1996 cryptic pocket region,0,
ESM2-augmented GNN prioritization results.,B,239,TYR,0.215328,0,0.700110,C-terminal loop - AOH1996 cryptic pocket region,0,
ESM2-augmented GNN prioritization results.,B,240,LYS,0.209252,0,0.700110,C-terminal loop - AOH1996 cryptic pocket region,0,
ESM2-augmented GNN prioritization results.,B,241,ILE,0.221341,0,0.700110,C-terminal loop - AOH1996 cryptic pocket region,0,
ESM2-augmented GNN prioritization results.,B,242,ALA,0.227165,0,0.700110,C-terminal loop - AOH1996 cryptic pocket region,0,
ESM2-augmented GNN prioritization results.,B,243,ASP,0.239215,0,0.700110,C-terminal loop - AOH1996 cryptic pocket region,0,
ESM2-augmented GNN prioritization results.,B,244,MET,0.229495,0,0.700110,C-terminal loop - AOH1996 cryptic pocket region,0,
ESM2-augmented GNN prioritization results.,B,245,GLY,0.233678,0,0.700110,C-terminal loop - AOH1996 cryptic pocket region,0,
ESM2-augmented GNN prioritization results.,B,246,HIS,0.224321,0,0.700110,C-terminal loop - AOH1996 cryptic pocket region,0,
ESM2-augmented GNN prioritization results.,B,247,LEU,0.233453,0,0.700110,C-terminal loop - AOH1996 cryptic pocket region,0,
ESM2-augmented GNN prioritization results.,B,248,LYS,0.249053,0,0.700110,C-terminal loop - AOH1996 cryptic pocket region,0,
ESM2-augmented GNN prioritization results.,B,249,TYR,0.297397,0,0.700110,C-terminal loop - AOH1996 cryptic pocket region,0,
ESM2-augmented GNN prioritization results.,B,250,TYR,0.395526,0,0.700110,C-terminal loop - AOH1996 cryptic pocket region,1,
ESM2-augmented GNN prioritization results.,B,251,LEU,0.533134,0,0.700110,C-terminal loop - AOH1996 cryptic pocket region,1,
ESM2-augmented GNN prioritization results.,B,252,ALA,0.589610,0,0.700110,C-terminal loop - AOH1996 cryptic pocket region,1,
ESM2-augmented GNN prioritization results.,B,253,PRO,0.620452,0,0.700110,C-terminal loop - AOH1996 cryptic pocket region,0,
ESM2-augmented GNN prioritization results.,B,254,LYS,0.622930,0,0.700110,C-terminal tail (protein-protein interface),0,
ESM2-augmented GNN prioritization results.,B,255,ILE,0.620218,0,0.700110,C-terminal tail (protein-protein interface),0,
ESM2-augmented GNN prioritization results.,C,335,SER,0.293838,0,0.700110,Core beta sheet,0,
ESM2-augmented GNN prioritization results.,C,336,THR,0.300404,0,0.700110,Core beta sheet,0,
ESM2-augmented GNN prioritization results.,C,337,GLN,0.303658,0,0.700110,Core beta sheet,0,
ESM2-augmented GNN prioritization results.,C,338,GLY,0.313121,0,0.700110,Core beta sheet,0,
ESM2-augmented GNN prioritization results.,C,339,ARG,0.317690,0,0.700110,Core beta sheet,0,
ESM2-augmented GNN prioritization results.,C,340,LEU,0.322348,0,0.700110,Core beta sheet,0,
ESM2-augmented GNN prioritization results.,C,341,ASP,0.286615,0,0.700110,Core beta sheet,0,
ESM2-augmented GNN prioritization results.,C,342,ASP,0.275823,0,0.700110,Core beta sheet,0,
ESM2-augmented GNN prioritization results.,C,343,PHE,0.257058,0,0.700110,Core beta sheet,0,
ESM2-augmented GNN prioritization results.,C,344,PHE,0.225733,0,0.700110,Core beta sheet,0,
ESM2-augmented GNN prioritization results.,C,345,LYS,0.224898,0,0.700110,Core beta sheet,0,
ESM2-augmented GNN prioritization results.,C,346,VAL,0.230037,0,0.700110,Core beta sheet,0,
ESM2-augmented GNN prioritization results.,C,347,THR,0.235332,0,0.700110,Core beta sheet,0,
ESM2-augmented GNN prioritization results.,C,348,GLY,0.248776,0,0.700110,Core beta sheet,0,
ESM2-augmented GNN prioritization results.,D,335,SER,0.316845,0,0.700110,Core beta sheet,0,
ESM2-augmented GNN prioritization results.,D,336,THR,0.315765,0,0.700110,Core beta sheet,0,
ESM2-augmented GNN prioritization results.,D,337,GLN,0.312918,0,0.700110,Core beta sheet,0,
ESM2-augmented GNN prioritization results.,D,338,GLY,0.318760,0,0.700110,Core beta sheet,0,
ESM2-augmented GNN prioritization results.,D,339,ARG,0.322524,0,0.700110,Core beta sheet,0,
ESM2-augmented GNN prioritization results.,D,340,LEU,0.335369,0,0.700110,Core beta sheet,0,
ESM2-augmented GNN prioritization results.,D,341,ASP,0.290209,0,0.700110,Core beta sheet,0,
ESM2-augmented GNN prioritization results.,D,342,ASP,0.281501,0,0.700110,Core beta sheet,0,
ESM2-augmented GNN prioritization results.,D,343,PHE,0.272620,0,0.700110,Core beta sheet,0,
ESM2-augmented GNN prioritization results.,D,344,PHE,0.239894,0,0.700110,Core beta sheet,0,
ESM2-augmented GNN prioritization results.,D,345,LYS,0.232002,0,0.700110,Core beta sheet,0,
ESM2-augmented GNN prioritization results.,D,346,VAL,0.228135,0,0.700110,Core beta sheet,0,
ESM2-augmented GNN prioritization results.,D,347,THR,0.221742,0,0.700110,Core beta sheet,0,
