chain,resid,resname,score,sasa,b_factor,secondary_structure,region,gt_aoh,gt_ligand
A,1,MET,0.0234,30.18,86.45,C,N-terminal beta sheet (domain 1),0,
A,2,PHE,0.0247,4.83,72.16,E,N-terminal beta sheet (domain 1),0,
A,3,GLU,0.0225,58.95,70.21,E,N-terminal beta sheet (domain 1),0,
A,4,ALA,0.0225,2.28,61.82,E,N-terminal beta sheet (domain 1),0,
A,5,ARG,0.0224,78.15,61.07,E,N-terminal beta sheet (domain 1),0,
A,6,LEU,0.0222,6.04,55.43,E,N-terminal beta sheet (domain 1),0,
A,7,VAL,0.0217,66.54,62.5,C,N-terminal beta sheet (domain 1),0,
A,8,GLN,0.0206,111.1,60.64,C,N-terminal beta sheet (domain 1),0,
A,9,GLY,0.0217,1.09,49.98,H,N-terminal beta sheet (domain 1),0,
A,10,SER,0.0213,11.12,45.46,H,N-terminal beta sheet (domain 1),0,
A,11,ILE,0.0207,31.4,48.09,H,N-terminal beta sheet (domain 1),0,
A,12,LEU,0.0209,10.87,45.4,H,N-terminal beta sheet (domain 1),0,
A,13,LYS,0.0214,17.54,43.09,H,N-terminal beta sheet (domain 1),0,
A,14,LYS,0.0213,69.9,40.29,H,N-terminal beta sheet (domain 1),0,
A,15,VAL,0.0224,1.21,40.08,H,N-terminal beta sheet (domain 1),0,
A,16,LEU,0.0219,1.21,46.68,H,N-terminal beta sheet (domain 1),0,
A,17,GLU,0.022,57.39,50.63,H,N-terminal beta sheet (domain 1),0,
A,18,ALA,0.0219,2.14,52.07,H,N-terminal beta sheet (domain 1),0,
A,19,LEU,0.0218,0.0,55.7,H,N-terminal beta sheet (domain 1),0,
A,20,LYS,0.0204,46.05,58.65,H,N-terminal beta sheet (domain 1),0,
A,21,ASP,0.022,66.31,63.78,H,N-terminal beta sheet (domain 1),0,
A,22,LEU,0.0222,23.05,61.0,C,N-terminal beta sheet (domain 1),0,
A,23,ILE,0.0246,7.25,61.58,C,N-terminal beta sheet (domain 1),0,
A,24,ASN,0.091,94.91,61.83,C,N-terminal beta sheet (domain 1),0,
A,25,GLU,0.1813,80.54,70.05,E,N-terminal beta sheet (domain 1),1,
A,26,ALA,0.2199,0.0,66.74,E,N-terminal beta sheet (domain 1),1,
A,27,CYS,0.1776,8.48,69.59,E,N-terminal beta sheet (domain 1),1,
A,28,TRP,0.0498,12.08,76.02,E,N-terminal beta sheet (domain 1),0,
A,29,ASP,0.062,32.71,71.28,E,N-terminal beta sheet (domain 1),0,
A,30,ILE,0.0356,5.49,64.24,E,N-terminal beta sheet (domain 1),0,
A,31,SER,0.0997,18.37,54.5,E,N-terminal beta sheet (domain 1),0,
A,32,SER,0.1008,66.19,56.87,C,N-terminal beta sheet (domain 1),0,
A,33,SER,0.0977,60.74,58.04,C,N-terminal beta sheet (domain 1),0,
A,34,GLY,0.0972,0.0,49.89,E,N-terminal beta sheet (domain 1),0,
A,35,VAL,0.0691,6.04,52.84,E,N-terminal beta sheet (domain 1),0,
A,36,ASN,0.0313,49.86,59.04,E,N-terminal beta sheet (domain 1),0,
A,37,LEU,0.0552,0.0,57.32,E,N-terminal beta sheet (domain 1),0,
A,38,GLN,0.0652,28.01,67.95,E,N-terminal beta sheet (domain 1),1,
A,39,SER,0.138,10.05,63.06,E,N-terminal beta sheet (domain 1),1,
A,40,MET,0.1719,53.35,61.13,E,N-terminal beta sheet (domain 1),1,
A,41,ASP,0.1618,5.63,61.19,C,Front-face loop (PIP-box groove),1,
A,42,SER,0.1692,98.17,61.75,C,Front-face loop (PIP-box groove),1,
A,43,SER,0.0739,52.16,60.34,C,Front-face loop (PIP-box groove),0,
A,44,HIS,0.1229,84.89,67.73,C,Front-face loop (PIP-box groove),1,
A,45,VAL,0.1905,14.49,61.91,C,Front-face loop (PIP-box groove),1,
A,46,SER,0.2235,1.07,52.9,E,Front-face loop (PIP-box groove),1,
A,47,LEU,0.081,4.83,49.49,E,Front-face loop (PIP-box groove),1,
A,48,VAL,0.0546,1.09,47.36,E,Core beta sheet,0,
A,49,GLN,0.0306,26.94,48.56,E,Core beta sheet,0,
A,50,LEU,0.0267,0.0,45.95,E,Core beta sheet,0,
A,51,THR,0.0221,13.54,49.14,E,Core beta sheet,0,
A,52,LEU,0.0221,7.25,48.69,E,Core beta sheet,0,
A,53,ARG,0.0208,61.38,53.65,E,Core beta sheet,0,
A,54,SER,0.0226,12.06,53.54,C,Core beta sheet,0,
A,55,GLU,0.0237,147.31,60.35,H,Core beta sheet,0,
A,56,GLY,0.0282,17.44,57.56,H,Core beta sheet,0,
A,57,PHE,0.0393,25.21,53.71,H,Core beta sheet,0,
A,58,ASP,0.0425,82.38,63.16,C,Core beta sheet,0,
A,59,THR,0.0305,74.04,61.28,E,Core beta sheet,0,
A,60,TYR,0.0267,40.71,53.59,E,Core beta sheet,0,
A,61,ARG,0.0223,109.04,59.38,E,Core beta sheet,0,
A,62,CYS,0.0225,4.29,62.21,E,Core beta sheet,0,
A,63,ASP,0.0233,86.82,69.48,C,Core beta sheet,0,
A,64,ARG,0.0222,153.97,75.19,C,Core beta sheet,0,
A,65,ASN,0.0228,105.03,70.53,C,Core beta sheet,0,
A,66,LEU,0.0246,55.19,87.29,E,Core beta sheet,0,
A,67,ALA,0.0323,65.15,78.17,E,Core beta sheet,0,
A,68,MET,0.0438,8.45,69.0,E,Core beta sheet,0,
A,69,GLY,0.0534,1.09,60.97,E,Core beta sheet,0,
A,70,VAL,0.0602,0.0,57.33,E,Core beta sheet,0,
A,71,ASN,0.074,52.11,59.27,E,Core beta sheet,0,
A,72,LEU,0.0512,0.0,56.62,H,Core beta sheet,0,
A,73,THR,0.0393,43.46,53.53,H,Core beta sheet,0,
A,74,SER,0.0419,19.42,53.38,H,Core beta sheet,0,
A,75,MET,0.0348,1.21,48.9,H,Core beta sheet,0,
A,76,SER,0.031,1.21,48.3,H,Core beta sheet,0,
A,77,LYS,0.0242,82.84,46.12,H,Core beta sheet,0,
A,78,ILE,0.0223,3.62,47.96,H,Core beta sheet,0,
A,79,LEU,0.0275,1.21,49.5,H,Core beta sheet,0,
A,80,LYS,0.0259,102.35,54.83,H,Core beta sheet,0,
A,81,CYS,0.0339,3.43,55.6,H,Core beta sheet,0,
A,82,ALA,0.0351,0.0,54.06,C,Core beta sheet,0,
A,83,GLY,0.0492,4.72,54.57,C,Core beta sheet,0,
A,84,ASN,0.0409,57.72,61.86,C,Core beta sheet,0,
A,85,GLU,0.0364,121.15,64.97,C,Core beta sheet,0,
A,86,ASP,0.0278,6.43,61.37,C,Core beta sheet,0,
A,87,ILE,0.0214,39.85,57.9,E,Core beta sheet,0,
A,88,ILE,0.0208,1.07,54.67,E,Core beta sheet,0,
A,89,THR,0.0215,6.97,56.6,E,Core beta sheet,0,
A,90,LEU,0.0212,15.7,55.3,E,Core beta sheet,0,
A,91,ARG,0.0212,73.62,64.38,E,Core beta sheet,0,
A,92,ALA,0.0218,3.62,67.74,E,Core beta sheet,0,
A,93,GLU,0.0238,104.34,83.79,C,Core beta sheet,0,
A,94,ASP,0.0245,88.58,86.09,C,Core beta sheet,0,
A,95,ASN,0.0282,159.89,99.18,C,Core beta sheet,0,
A,96,ALA,0.0327,44.12,95.25,C,Core beta sheet,0,
A,97,ASP,0.0543,108.29,89.95,C,Core beta sheet,0,
A,98,THR,0.0533,43.57,71.85,E,Core beta sheet,0,
A,99,LEU,0.061,4.83,59.68,E,Core beta sheet,0,
A,100,ALA,0.057,21.74,51.39,E,Core beta sheet,0,
A,101,LEU,0.0569,0.0,51.32,E,Core beta sheet,0,
A,102,VAL,0.0551,18.11,48.27,E,Core beta sheet,0,
A,103,PHE,0.0596,2.14,50.07,E,Core beta sheet,0,
A,104,GLU,0.0711,49.05,56.99,E,Core beta sheet,0,
A,105,ALA,0.0562,12.33,63.69,C,Core beta sheet,0,
A,106,PRO,0.0665,76.18,86.05,C,Core beta sheet,0,
A,107,ASN,0.0217,80.48,111.83,C,Core beta sheet,0,
A,108,GLN,0.0232,137.43,126.03,C,Core beta sheet,0,
A,109,GLU,0.0237,40.19,109.11,C,Core beta sheet,0,
A,110,LYS,0.0252,21.92,67.84,E,Core beta sheet,0,
A,111,VAL,0.0245,44.68,52.7,E,Core beta sheet,0,
A,112,SER,0.0258,1.07,51.98,E,Core beta sheet,0,
A,113,ASP,0.0287,55.89,53.44,E,Core beta sheet,0,
A,114,TYR,0.0282,1.07,53.17,E,Core beta sheet,0,
A,115,GLU,0.0299,96.74,61.3,E,Core beta sheet,0,
A,116,MET,0.0303,1.29,58.55,E,Core beta sheet,0,
A,117,LYS,0.0272,124.59,69.83,E,Core beta sheet,0,
A,118,LEU,0.0423,42.62,69.74,C,Core beta sheet,0,
A,119,MET,0.0398,68.55,83.34,C,IDCL — Interdomain Connecting Loop (key interaction hub),0,
A,120,ASP,0.0628,146.34,95.59,C,IDCL — Interdomain Connecting Loop (key interaction hub),0,
A,121,LEU,0.0611,43.87,93.26,C,IDCL — Interdomain Connecting Loop (key interaction hub),0,
A,122,ASP,0.0741,155.7,122.62,C,IDCL — Interdomain Connecting Loop (key interaction hub),0,
A,123,VAL,0.0366,70.69,117.89,C,IDCL — Interdomain Connecting Loop (key interaction hub),1,
A,124,GLU,0.0341,138.12,134.33,C,IDCL — Interdomain Connecting Loop (key interaction hub),0,
A,125,GLN,0.0335,73.44,131.42,C,IDCL — Interdomain Connecting Loop (key interaction hub),1,
A,126,LEU,0.0364,46.55,101.51,C,IDCL — Interdomain Connecting Loop (key interaction hub),1,
A,127,GLY,0.053,3.62,79.82,C,IDCL — Interdomain Connecting Loop (key interaction hub),0,
A,128,ILE,0.069,28.7,80.83,C,IDCL — Interdomain Connecting Loop (key interaction hub),1,
A,129,PRO,0.0985,42.27,86.36,C,IDCL — Interdomain Connecting Loop (key interaction hub),0,
A,130,GLU,0.188,127.26,92.14,C,IDCL — Interdomain Connecting Loop (key interaction hub),0,
A,131,GLN,0.265,73.02,92.57,C,IDCL — Interdomain Connecting Loop (key interaction hub),0,
A,132,GLU,0.3602,108.7,96.53,C,IDCL — Interdomain Connecting Loop (key interaction hub),0,
A,133,TYR,0.5943,16.38,77.98,C,IDCL — Interdomain Connecting Loop (key interaction hub),0,
A,134,SER,0.6828,17.46,78.72,C,IDCL — Interdomain Connecting Loop (key interaction hub),0,
A,135,CYS,0.6557,0.0,80.92,E,Domain 2 core beta sheet,0,
A,136,VAL,0.657,30.05,69.74,E,Domain 2 core beta sheet,0,
A,137,VAL,0.6598,1.21,65.64,E,Domain 2 core beta sheet,0,
A,138,LYS,0.6109,79.06,69.55,E,Domain 2 core beta sheet,0,
A,139,MET,0.2936,0.0,59.52,E,Domain 2 core beta sheet,0,
A,140,PRO,0.1832,7.13,51.0,E,Domain 2 core beta sheet,0,
A,141,SER,0.1862,4.29,45.55,H,Domain 2 core beta sheet,0,
A,142,GLY,0.0653,46.65,46.65,H,Domain 2 core beta sheet,0,
A,143,GLU,0.0269,33.36,50.89,H,Domain 2 core beta sheet,0,
A,144,PHE,0.0242,3.62,44.72,H,Domain 2 core beta sheet,0,
A,145,ALA,0.0199,17.98,41.2,H,Domain 2 core beta sheet,0,
A,146,ARG,0.0216,49.42,44.77,H,Domain 2 core beta sheet,0,
A,147,ILE,0.0222,1.21,43.98,H,Domain 2 core beta sheet,0,
A,148,CYS,0.0238,2.57,48.23,H,Domain 2 core beta sheet,0,
A,149,ARG,0.0226,90.91,51.18,H,Domain 2 core beta sheet,0,
A,150,ASP,0.0294,3.21,49.73,H,Domain 2 core beta sheet,0,
A,151,LEU,0.035,0.0,50.23,H,Domain 2 core beta sheet,0,
A,152,SER,0.0537,12.99,51.99,H,Domain 2 core beta sheet,0,
A,153,HIS,0.0252,74.22,58.46,H,Domain 2 core beta sheet,0,
A,154,ILE,0.0249,10.05,58.88,C,Domain 2 core beta sheet,0,
A,155,GLY,0.2837,3.62,61.37,C,Domain 2 core beta sheet,0,
A,156,ASP,0.1707,81.81,62.63,C,Domain 2 core beta sheet,0,
A,157,ALA,0.5724,25.77,50.98,E,Domain 2 core beta sheet,0,
A,158,VAL,0.287,3.62,50.46,E,Domain 2 core beta sheet,0,
A,159,VAL,0.2772,43.34,54.13,E,Domain 2 core beta sheet,0,
A,160,ILE,0.1337,3.62,57.45,E,Domain 2 core beta sheet,0,
A,161,SER,0.1527,24.27,73.86,E,Domain 2 core beta sheet,0,
A,162,CYS,0.1468,3.21,101.56,E,Domain 2 core beta sheet,0,
A,163,ALA,0.1768,38.64,112.72,C,Domain 2 core beta sheet,0,
A,164,LYS,0.1811,152.0,128.76,C,Domain 2 core beta sheet,0,
A,165,ASP,0.2042,100.94,119.41,C,Domain 2 core beta sheet,0,
A,166,GLY,0.3342,2.14,93.52,E,Domain 2 core beta sheet,0,
A,167,VAL,0.2826,2.42,68.68,E,Domain 2 core beta sheet,0,
A,168,LYS,0.1621,75.3,62.75,E,Domain 2 core beta sheet,0,
A,169,PHE,0.1641,4.83,49.89,E,Domain 2 core beta sheet,0,
A,170,SER,0.1804,24.39,51.53,E,Domain 2 core beta sheet,0,
A,171,ALA,0.2792,8.04,52.51,E,Domain 2 core beta sheet,0,
A,172,SER,0.1912,80.0,57.06,E,Domain 2 core beta sheet,0,
A,173,GLY,0.0808,26.82,60.79,E,Domain 2 core beta sheet,0,
A,174,GLU,0.0467,191.14,76.87,C,Domain 2 core beta sheet,0,
A,175,LEU,0.1257,32.47,74.73,C,Domain 2 core beta sheet,0,
A,176,GLY,0.3127,2.42,65.52,E,Domain 2 core beta sheet,0,
A,177,ASN,0.2206,57.69,61.37,E,Domain 2 core beta sheet,0,
A,178,GLY,0.1936,1.07,52.27,E,Domain 2 core beta sheet,0,
A,179,ASN,0.0403,38.93,54.01,E,Domain 2 core beta sheet,0,
A,180,ILE,0.0295,0.0,52.37,E,Domain 2 core beta sheet,0,
A,181,LYS,0.0375,104.24,63.75,E,Domain 2 core beta sheet,0,
A,182,LEU,0.0468,1.07,66.38,E,Domain 2 core beta sheet,0,
A,183,SER,0.2045,38.76,79.64,E,Domain 2 core beta sheet,0,
A,184,GLN,0.2309,83.38,96.72,C,Domain 2 core beta sheet,0,
A,185,THR,0.0588,49.6,109.79,C,Domain 2 core beta sheet,0,
A,186,SER,0.0544,156.47,123.33,C,Domain 2 core beta sheet,0,
A,189,ASP,0.0241,168.07,107.98,C,Domain 2 core beta sheet,0,
A,190,LYS,0.0207,111.5,100.42,C,Domain 2 core beta sheet,0,
A,191,GLU,0.0219,136.75,121.12,C,Domain 2 core beta sheet,0,
A,192,GLU,0.0218,96.94,114.4,C,Domain 2 core beta sheet,0,
A,193,GLU,0.0232,81.86,101.49,C,Domain 2 core beta sheet,0,
A,194,ALA,0.024,19.05,82.67,C,Domain 2 core beta sheet,0,
A,195,VAL,0.0287,1.21,73.69,C,Domain 2 core beta sheet,0,
A,196,THR,0.0336,55.91,84.74,E,Domain 2 core beta sheet,0,
A,197,ILE,0.0628,21.43,94.82,E,Domain 2 core beta sheet,0,
A,198,GLU,0.0828,94.61,114.74,E,Domain 2 core beta sheet,0,
A,199,MET,0.0904,53.18,118.67,E,Domain 2 core beta sheet,0,
A,200,ASN,0.1356,107.18,115.53,C,Domain 2 core beta sheet,0,
A,201,GLU,0.0882,109.19,99.5,C,Domain 2 core beta sheet,0,
A,202,PRO,0.1477,93.75,87.99,C,Domain 2 core beta sheet,0,
A,203,VAL,0.3764,12.76,83.12,E,Domain 2 core beta sheet,0,
A,204,GLN,0.3124,134.9,69.77,E,Domain 2 core beta sheet,0,
A,205,LEU,0.4687,10.87,66.24,E,Domain 2 core beta sheet,0,
A,206,THR,0.2039,47.27,57.56,E,Domain 2 core beta sheet,0,
A,207,PHE,0.5865,0.0,54.79,E,Domain 2 core beta sheet,0,
A,208,ALA,0.0734,12.08,52.59,E,Domain 2 core beta sheet,0,
A,209,LEU,0.0668,1.21,52.9,H,Domain 2 core beta sheet,0,
A,210,ARG,0.0202,117.59,53.74,H,Domain 2 core beta sheet,0,
A,211,TYR,0.02,21.99,50.03,H,Domain 2 core beta sheet,0,
A,212,LEU,0.0207,4.83,44.1,H,Domain 2 core beta sheet,0,
A,213,ASN,0.0205,4.69,44.78,H,Domain 2 core beta sheet,0,
A,214,PHE,0.038,45.75,44.75,H,Domain 2 core beta sheet,0,
A,215,PHE,0.059,0.0,43.36,H,Domain 2 core beta sheet,0,
A,216,THR,0.056,15.14,42.5,H,Domain 2 core beta sheet,0,
A,217,LYS,0.0367,92.42,41.35,H,Domain 2 core beta sheet,0,
A,218,ALA,0.0459,1.21,39.57,H,Domain 2 core beta sheet,0,
A,219,THR,0.0302,24.15,38.84,H,Domain 2 core beta sheet,0,
A,220,PRO,0.027,78.87,40.17,H,Domain 2 core beta sheet,0,
A,221,LEU,0.0347,23.98,42.25,H,Domain 2 core beta sheet,0,
A,222,SER,0.0968,17.98,46.44,H,Domain 2 core beta sheet,0,
A,223,SER,0.0909,61.93,50.69,C,Domain 2 core beta sheet,0,
A,224,THR,0.168,27.89,48.38,E,Domain 2 core beta sheet,0,
A,225,VAL,0.2333,0.0,48.35,E,Domain 2 core beta sheet,0,
A,226,THR,0.285,21.72,51.71,E,Domain 2 core beta sheet,0,
A,227,LEU,0.2852,4.83,52.07,E,Domain 2 core beta sheet,0,
A,228,SER,0.3764,12.86,58.85,E,Domain 2 core beta sheet,0,
A,229,MET,0.4299,2.42,68.24,E,Domain 2 core beta sheet,0,
A,230,SER,0.6696,13.01,69.68,C,Domain 2 core beta sheet,0,
A,231,ALA,0.7052,61.16,74.46,C,C-terminal loop — AOH1996 cryptic pocket region,1,
A,232,ASP,0.7201,121.95,69.94,C,C-terminal loop — AOH1996 cryptic pocket region,1,
A,233,VAL,0.7097,30.19,62.09,C,C-terminal loop — AOH1996 cryptic pocket region,1,
A,234,PRO,0.7166,6.04,55.46,C,C-terminal loop — AOH1996 cryptic pocket region,1,
A,235,LEU,0.7196,2.42,51.69,E,C-terminal loop — AOH1996 cryptic pocket region,0,
A,236,VAL,0.7034,8.45,49.82,E,C-terminal loop — AOH1996 cryptic pocket region,0,
A,237,VAL,0.6723,0.0,49.26,E,C-terminal loop — AOH1996 cryptic pocket region,0,
A,238,GLU,0.6173,24.64,48.16,E,C-terminal loop — AOH1996 cryptic pocket region,0,
A,239,TYR,0.368,0.0,48.64,E,C-terminal loop — AOH1996 cryptic pocket region,0,
A,240,LYS,0.2385,76.51,59.05,E,C-terminal loop — AOH1996 cryptic pocket region,0,
A,241,ILE,0.1246,4.56,59.62,E,C-terminal loop — AOH1996 cryptic pocket region,0,
A,242,ALA,0.0954,74.26,73.02,C,C-terminal loop — AOH1996 cryptic pocket region,0,
A,243,ASP,0.0576,133.48,91.73,C,C-terminal loop — AOH1996 cryptic pocket region,0,
A,244,MET,0.0283,3.62,68.64,C,C-terminal loop — AOH1996 cryptic pocket region,0,
A,245,GLY,0.0609,3.21,56.39,E,C-terminal loop — AOH1996 cryptic pocket region,0,
A,246,HIS,0.1,13.28,54.72,E,C-terminal loop — AOH1996 cryptic pocket region,0,
A,247,LEU,0.0866,0.0,49.5,E,C-terminal loop — AOH1996 cryptic pocket region,0,
A,248,LYS,0.1051,25.72,52.16,E,C-terminal loop — AOH1996 cryptic pocket region,0,
A,249,TYR,0.2188,0.0,45.06,E,C-terminal loop — AOH1996 cryptic pocket region,0,
A,250,TYR,0.2046,8.57,47.12,E,C-terminal loop — AOH1996 cryptic pocket region,1,
A,251,LEU,0.1833,0.0,50.01,E,C-terminal loop — AOH1996 cryptic pocket region,1,
A,252,ALA,0.5768,0.0,55.02,C,C-terminal loop — AOH1996 cryptic pocket region,1,
A,253,PRO,0.2725,13.01,60.01,C,C-terminal loop — AOH1996 cryptic pocket region,1,
A,254,LYS,0.1158,71.12,75.25,C,C-terminal tail (protein-protein interface),0,
A,255,ILE,0.0299,185.75,96.28,C,C-terminal tail (protein-protein interface),0,
B,1069,GLY,0.0462,80.29,95.96,C,Core beta sheet,0,
B,1070,SER,0.0731,21.63,77.42,C,Core beta sheet,0,
B,1071,ASP,0.0549,30.59,81.65,C,Core beta sheet,0,
B,1072,ILE,0.088,0.0,55.92,H,Core beta sheet,0,
B,1073,THR,0.0329,48.95,60.22,H,Core beta sheet,0,
B,1074,ARG,0.0275,150.99,67.79,H,Core beta sheet,0,
B,1075,PHE,0.0696,45.87,49.04,H,Core beta sheet,0,
B,1076,LEU,0.0267,27.33,68.59,H,Core beta sheet,0,
B,1077,VAL,0.0291,57.97,89.26,C,Core beta sheet,0,
B,1078,LYS,0.0264,169.12,97.25,C,Core beta sheet,0,
B,1079,LYS,0.0231,193.12,85.42,C,Core beta sheet,0,
C,1,MET,0.0337,48.45,68.19,C,N-terminal beta sheet (domain 1),0,
C,2,PHE,0.0413,0.0,56.27,E,N-terminal beta sheet (domain 1),0,
C,3,GLU,0.0319,47.96,57.8,E,N-terminal beta sheet (domain 1),0,
C,4,ALA,0.0327,2.28,59.5,E,N-terminal beta sheet (domain 1),0,
C,5,ARG,0.0218,80.33,62.42,E,N-terminal beta sheet (domain 1),0,
C,6,LEU,0.0218,10.87,73.56,E,N-terminal beta sheet (domain 1),0,
C,7,VAL,0.0213,69.23,83.95,C,N-terminal beta sheet (domain 1),0,
C,8,GLN,0.0213,120.94,77.42,C,N-terminal beta sheet (domain 1),0,
C,9,GLY,0.0214,0.0,65.28,H,N-terminal beta sheet (domain 1),0,
C,10,SER,0.0209,13.27,57.56,H,N-terminal beta sheet (domain 1),0,
C,11,ILE,0.0217,31.4,53.72,H,N-terminal beta sheet (domain 1),0,
C,12,LEU,0.0221,9.66,47.74,H,N-terminal beta sheet (domain 1),0,
C,13,LYS,0.023,31.13,46.1,H,N-terminal beta sheet (domain 1),0,
C,14,LYS,0.0233,66.28,45.22,H,N-terminal beta sheet (domain 1),0,
C,15,VAL,0.024,0.0,43.6,H,N-terminal beta sheet (domain 1),0,
C,16,LEU,0.0238,0.0,45.24,H,N-terminal beta sheet (domain 1),0,
C,17,GLU,0.0236,64.6,49.32,H,N-terminal beta sheet (domain 1),0,
C,18,ALA,0.0235,2.14,46.63,H,N-terminal beta sheet (domain 1),0,
C,19,LEU,0.0231,0.0,45.46,H,N-terminal beta sheet (domain 1),0,
C,20,LYS,0.0224,46.05,48.98,H,N-terminal beta sheet (domain 1),0,
C,21,ASP,0.0232,67.79,58.21,H,N-terminal beta sheet (domain 1),0,
C,22,LEU,0.0229,17.71,50.34,C,N-terminal beta sheet (domain 1),0,
C,23,ILE,0.0279,6.04,52.22,C,N-terminal beta sheet (domain 1),0,
C,24,ASN,0.0281,87.14,62.86,C,N-terminal beta sheet (domain 1),0,
C,25,GLU,0.0352,88.97,66.18,E,N-terminal beta sheet (domain 1),0,
C,26,ALA,0.0696,1.21,59.57,E,N-terminal beta sheet (domain 1),0,
C,27,CYS,0.0823,6.16,60.67,E,N-terminal beta sheet (domain 1),0,
C,28,TRP,0.0359,7.25,59.19,E,N-terminal beta sheet (domain 1),0,
C,29,ASP,0.0321,30.29,65.23,E,N-terminal beta sheet (domain 1),0,
C,30,ILE,0.0256,3.35,57.82,E,N-terminal beta sheet (domain 1),0,
C,31,SER,0.0251,10.19,59.62,C,N-terminal beta sheet (domain 1),0,
C,32,SER,0.0261,71.16,65.69,C,N-terminal beta sheet (domain 1),0,
C,33,SER,0.0245,68.78,68.96,C,N-terminal beta sheet (domain 1),0,
C,34,GLY,0.0294,1.21,56.19,E,N-terminal beta sheet (domain 1),0,
C,35,VAL,0.0448,7.11,56.01,E,N-terminal beta sheet (domain 1),0,
C,36,ASN,0.0718,46.49,56.84,E,N-terminal beta sheet (domain 1),0,
C,37,LEU,0.24,0.0,53.42,E,N-terminal beta sheet (domain 1),0,
C,38,GLN,0.3373,28.81,55.55,E,N-terminal beta sheet (domain 1),0,
C,39,SER,0.5495,16.75,53.15,E,N-terminal beta sheet (domain 1),0,
C,40,MET,0.5819,58.16,53.67,E,N-terminal beta sheet (domain 1),0,
C,41,ASP,0.3238,4.56,50.35,C,Front-face loop (PIP-box groove),0,
C,42,SER,0.285,75.24,50.95,C,Front-face loop (PIP-box groove),0,
C,43,SER,0.2178,49.17,56.41,C,Front-face loop (PIP-box groove),0,
C,44,HIS,0.361,74.85,56.73,C,Front-face loop (PIP-box groove),0,
C,45,VAL,0.3554,15.7,54.81,C,Front-face loop (PIP-box groove),0,
C,46,SER,0.5058,1.07,50.28,E,Front-face loop (PIP-box groove),0,
C,47,LEU,0.5267,4.83,46.88,E,Front-face loop (PIP-box groove),0,
C,48,VAL,0.4397,1.21,47.14,E,Core beta sheet,0,
C,49,GLN,0.2332,26.82,48.41,E,Core beta sheet,0,
C,50,LEU,0.1988,0.0,43.12,E,Core beta sheet,0,
C,51,THR,0.0881,18.37,44.99,E,Core beta sheet,0,
C,52,LEU,0.067,9.66,47.6,E,Core beta sheet,0,
C,53,ARG,0.0347,52.93,52.59,E,Core beta sheet,0,
C,54,SER,0.0373,17.28,54.49,C,Core beta sheet,0,
C,55,GLU,0.0265,125.04,64.49,H,Core beta sheet,0,
C,56,GLY,0.0292,20.63,59.66,H,Core beta sheet,0,
C,57,PHE,0.032,27.35,59.34,H,Core beta sheet,0,
C,58,ASP,0.0366,91.09,61.55,C,Core beta sheet,0,
C,59,THR,0.031,78.73,56.56,E,Core beta sheet,0,
C,60,TYR,0.0276,32.71,52.88,E,Core beta sheet,0,
C,61,ARG,0.0216,110.36,63.89,E,Core beta sheet,0,
C,62,CYS,0.0207,9.64,62.03,E,Core beta sheet,0,
C,63,ASP,0.0218,88.83,66.39,C,Core beta sheet,0,
C,64,ARG,0.0214,160.12,74.27,C,Core beta sheet,0,
C,65,ASN,0.0405,120.34,68.85,C,Core beta sheet,0,
C,66,LEU,0.0435,43.2,65.91,E,Core beta sheet,0,
C,67,ALA,0.1069,52.43,61.47,E,Core beta sheet,0,
C,68,MET,0.29,7.32,57.6,E,Core beta sheet,0,
C,69,GLY,0.4257,0.0,55.76,E,Core beta sheet,0,
C,70,VAL,0.2057,1.21,48.97,E,Core beta sheet,0,
C,71,ASN,0.1388,49.87,49.74,E,Core beta sheet,0,
C,72,LEU,0.0493,0.0,46.16,H,Core beta sheet,0,
C,73,THR,0.0242,43.32,51.74,H,Core beta sheet,0,
C,74,SER,0.0247,23.87,47.23,H,Core beta sheet,0,
C,75,MET,0.023,1.21,43.47,H,Core beta sheet,0,
C,76,SER,0.0232,12.06,46.74,H,Core beta sheet,0,
C,77,LYS,0.0225,90.3,53.37,H,Core beta sheet,0,
C,78,ILE,0.0224,2.42,50.16,H,Core beta sheet,0,
C,79,LEU,0.023,3.62,52.89,H,Core beta sheet,0,
C,80,LYS,0.0229,96.84,65.27,H,Core beta sheet,0,
C,81,CYS,0.0236,2.14,57.35,H,Core beta sheet,0,
C,82,ALA,0.0235,0.0,58.77,C,Core beta sheet,0,
C,83,GLY,0.0261,14.26,76.12,C,Core beta sheet,0,
C,84,ASN,0.0238,67.79,83.94,C,Core beta sheet,0,
C,85,GLU,0.0255,124.22,98.01,C,Core beta sheet,0,
C,86,ASP,0.0322,10.71,92.75,C,Core beta sheet,0,
C,87,ILE,0.0395,32.61,74.92,E,Core beta sheet,0,
C,88,ILE,0.0433,1.07,54.58,E,Core beta sheet,0,
C,89,THR,0.0393,10.73,53.0,E,Core beta sheet,0,
C,90,LEU,0.036,19.32,55.57,E,Core beta sheet,0,
C,91,ARG,0.0243,63.16,63.84,E,Core beta sheet,0,
C,92,ALA,0.0288,1.21,59.21,E,Core beta sheet,0,
C,93,GLU,0.0264,80.04,79.11,C,Core beta sheet,0,
C,94,ASP,0.0306,85.16,95.32,C,Core beta sheet,0,
C,95,ASN,0.0285,135.36,106.91,C,Core beta sheet,0,
C,96,ALA,0.0496,22.38,93.34,C,Core beta sheet,0,
C,97,ASP,0.107,99.72,70.88,C,Core beta sheet,0,
C,98,THR,0.1903,29.1,58.58,E,Core beta sheet,0,
C,99,LEU,0.1554,2.42,49.77,E,Core beta sheet,0,
C,100,ALA,0.1263,7.25,48.91,E,Core beta sheet,0,
C,101,LEU,0.1291,0.0,47.61,E,Core beta sheet,0,
C,102,VAL,0.1823,16.91,49.56,E,Core beta sheet,0,
C,103,PHE,0.1839,0.0,58.09,E,Core beta sheet,0,
C,104,GLU,0.1277,49.19,78.63,E,Core beta sheet,0,
C,105,ALA,0.0573,6.04,100.86,C,Core beta sheet,0,
C,106,PRO,0.0453,82.08,135.72,C,Core beta sheet,0,
C,107,ASN,0.0242,87.87,129.97,C,Core beta sheet,0,
C,108,GLN,0.0231,131.8,121.07,C,Core beta sheet,0,
C,109,GLU,0.0316,48.23,114.72,C,Core beta sheet,0,
C,110,LYS,0.04,18.3,76.73,E,Core beta sheet,0,
C,111,VAL,0.0506,49.51,63.54,E,Core beta sheet,0,
C,112,SER,0.1254,0.0,56.56,E,Core beta sheet,0,
C,113,ASP,0.1899,31.09,56.81,E,Core beta sheet,0,
C,114,TYR,0.1115,2.42,51.75,E,Core beta sheet,0,
C,115,GLU,0.191,46.26,53.97,E,Core beta sheet,0,
C,116,MET,0.1531,4.91,53.31,E,Core beta sheet,0,
C,117,LYS,0.3015,105.91,58.73,E,Core beta sheet,0,
C,118,LEU,0.3495,35.24,56.36,C,Core beta sheet,0,
C,119,MET,0.3393,59.41,70.19,C,IDCL — Interdomain Connecting Loop (key interaction hub),0,
C,120,ASP,0.3561,124.37,79.81,C,IDCL — Interdomain Connecting Loop (key interaction hub),0,
C,121,LEU,0.2617,25.07,90.55,C,IDCL — Interdomain Connecting Loop (key interaction hub),0,
C,122,ASP,0.2578,140.79,129.6,C,IDCL — Interdomain Connecting Loop (key interaction hub),0,
C,123,VAL,0.1776,74.18,150.9,C,IDCL — Interdomain Connecting Loop (key interaction hub),0,
C,124,GLU,0.1417,149.91,147.25,C,IDCL — Interdomain Connecting Loop (key interaction hub),0,
C,125,GLN,0.0788,78.18,130.31,C,IDCL — Interdomain Connecting Loop (key interaction hub),0,
C,126,LEU,0.0514,44.96,106.49,C,IDCL — Interdomain Connecting Loop (key interaction hub),0,
C,127,GLY,0.0639,11.58,90.03,C,IDCL — Interdomain Connecting Loop (key interaction hub),0,
C,128,ILE,0.0836,22.11,82.1,C,IDCL — Interdomain Connecting Loop (key interaction hub),0,
C,129,PRO,0.1115,54.34,88.09,C,IDCL — Interdomain Connecting Loop (key interaction hub),0,
C,130,GLU,0.1563,137.45,93.68,C,IDCL — Interdomain Connecting Loop (key interaction hub),0,
C,131,GLN,0.1565,76.23,85.36,C,IDCL — Interdomain Connecting Loop (key interaction hub),0,
C,132,GLU,0.1543,160.85,93.6,C,IDCL — Interdomain Connecting Loop (key interaction hub),0,
C,133,TYR,0.1738,24.86,74.22,C,IDCL — Interdomain Connecting Loop (key interaction hub),0,
C,134,SER,0.1474,18.53,74.25,C,IDCL — Interdomain Connecting Loop (key interaction hub),0,
C,135,CYS,0.1356,0.0,74.02,E,Domain 2 core beta sheet,0,
C,136,VAL,0.2672,37.16,63.68,E,Domain 2 core beta sheet,0,
C,137,VAL,0.4008,1.21,61.65,E,Domain 2 core beta sheet,0,
C,138,LYS,0.5144,95.4,62.11,E,Domain 2 core beta sheet,0,
C,139,MET,0.3276,0.0,59.92,E,Domain 2 core beta sheet,0,
C,140,PRO,0.2815,22.94,53.42,E,Domain 2 core beta sheet,0,
C,141,SER,0.2416,0.0,49.42,H,Domain 2 core beta sheet,0,
C,142,GLY,0.0344,29.1,51.16,H,Domain 2 core beta sheet,0,
C,143,GLU,0.0299,36.85,52.23,H,Domain 2 core beta sheet,0,
C,144,PHE,0.0403,1.21,46.99,H,Domain 2 core beta sheet,0,
C,145,ALA,0.0222,17.71,42.68,H,Domain 2 core beta sheet,0,
C,146,ARG,0.0224,50.51,45.75,H,Domain 2 core beta sheet,0,
C,147,ILE,0.0224,1.21,45.2,H,Domain 2 core beta sheet,0,
C,148,CYS,0.0227,5.07,46.01,H,Domain 2 core beta sheet,0,
C,149,ARG,0.0224,94.6,45.22,H,Domain 2 core beta sheet,0,
C,150,ASP,0.0234,3.21,46.73,H,Domain 2 core beta sheet,0,
C,151,LEU,0.0225,1.21,47.34,H,Domain 2 core beta sheet,0,
C,152,SER,0.023,37.52,48.12,H,Domain 2 core beta sheet,0,
C,153,HIS,0.0224,74.44,54.73,H,Domain 2 core beta sheet,0,
C,154,ILE,0.0221,11.12,57.21,C,Domain 2 core beta sheet,0,
C,155,GLY,0.0299,14.22,61.39,C,Domain 2 core beta sheet,0,
C,156,ASP,0.031,74.97,64.58,C,Domain 2 core beta sheet,0,
C,157,ALA,0.0734,21.35,52.3,E,Domain 2 core beta sheet,0,
C,158,VAL,0.0961,2.42,49.17,E,Domain 2 core beta sheet,0,
C,159,VAL,0.1693,39.85,52.4,E,Domain 2 core beta sheet,0,
C,160,ILE,0.1628,6.04,55.12,E,Domain 2 core beta sheet,0,
C,161,SER,0.1434,21.99,63.94,E,Domain 2 core beta sheet,0,
C,162,CYS,0.1111,3.35,81.17,E,Domain 2 core beta sheet,0,
C,163,ALA,0.0605,43.13,91.21,C,Domain 2 core beta sheet,0,
C,164,LYS,0.0543,154.35,108.41,C,Domain 2 core beta sheet,0,
C,165,ASP,0.0312,96.5,105.93,C,Domain 2 core beta sheet,0,
C,166,GLY,0.1225,3.21,83.69,E,Domain 2 core beta sheet,0,
C,167,VAL,0.1827,1.21,64.0,E,Domain 2 core beta sheet,0,
C,168,LYS,0.3615,75.55,57.77,E,Domain 2 core beta sheet,0,
C,169,PHE,0.2118,3.62,51.65,E,Domain 2 core beta sheet,0,
C,170,SER,0.2135,18.49,53.18,E,Domain 2 core beta sheet,0,
C,171,ALA,0.115,3.62,54.5,E,Domain 2 core beta sheet,0,
C,172,SER,0.0755,78.96,60.48,E,Domain 2 core beta sheet,0,
C,173,GLY,0.0487,27.89,65.54,E,Domain 2 core beta sheet,0,
C,174,GLU,0.0347,189.82,84.43,C,Domain 2 core beta sheet,0,
C,175,LEU,0.0338,29.65,82.2,C,Domain 2 core beta sheet,0,
C,176,GLY,0.0522,8.45,71.27,E,Domain 2 core beta sheet,0,
C,177,ASN,0.0571,50.17,60.36,E,Domain 2 core beta sheet,0,
C,178,GLY,0.054,0.0,50.75,E,Domain 2 core beta sheet,0,
C,179,ASN,0.0507,32.74,49.85,E,Domain 2 core beta sheet,0,
C,180,ILE,0.0421,0.0,53.0,E,Domain 2 core beta sheet,0,
C,181,LYS,0.0476,96.04,65.54,E,Domain 2 core beta sheet,0,
C,182,LEU,0.0469,1.07,62.17,E,Domain 2 core beta sheet,0,
C,183,SER,0.0509,39.83,77.91,E,Domain 2 core beta sheet,0,
C,184,GLN,0.0487,88.08,90.0,C,Domain 2 core beta sheet,0,
C,185,THR,0.037,92.23,100.55,C,Domain 2 core beta sheet,0,
C,193,GLU,0.0247,194.78,93.92,C,Domain 2 core beta sheet,0,
C,194,ALA,0.086,41.79,81.91,C,Domain 2 core beta sheet,0,
C,195,VAL,0.0785,1.21,69.81,C,Domain 2 core beta sheet,0,
C,196,THR,0.1641,56.18,71.82,E,Domain 2 core beta sheet,0,
C,197,ILE,0.185,19.29,74.52,E,Domain 2 core beta sheet,0,
C,198,GLU,0.1573,105.86,89.31,E,Domain 2 core beta sheet,0,
C,199,MET,0.0695,54.55,92.22,E,Domain 2 core beta sheet,0,
C,200,ASN,0.055,110.95,89.25,C,Domain 2 core beta sheet,0,
C,201,GLU,0.0301,100.34,87.61,C,Domain 2 core beta sheet,0,
C,202,PRO,0.0789,95.09,78.74,C,Domain 2 core beta sheet,0,
C,203,VAL,0.1236,15.56,69.61,E,Domain 2 core beta sheet,0,
C,204,GLN,0.2339,135.6,66.42,E,Domain 2 core beta sheet,0,
C,205,LEU,0.3048,9.66,59.26,E,Domain 2 core beta sheet,0,
C,206,THR,0.1985,41.73,51.79,E,Domain 2 core beta sheet,0,
C,207,PHE,0.3381,0.0,49.24,E,Domain 2 core beta sheet,0,
C,208,ALA,0.0936,4.72,49.49,E,Domain 2 core beta sheet,0,
C,209,LEU,0.0437,2.42,45.93,H,Domain 2 core beta sheet,0,
C,210,ARG,0.0317,146.23,52.31,H,Domain 2 core beta sheet,0,
C,211,TYR,0.0219,31.5,50.19,H,Domain 2 core beta sheet,0,
C,212,LEU,0.0226,2.42,44.1,H,Domain 2 core beta sheet,0,
C,213,ASN,0.0246,16.34,43.0,H,Domain 2 core beta sheet,0,
C,214,PHE,0.0272,43.34,41.48,H,Domain 2 core beta sheet,0,
C,215,PHE,0.0821,1.21,38.6,H,Domain 2 core beta sheet,0,
C,216,THR,0.0332,17.14,39.59,H,Domain 2 core beta sheet,0,
C,217,LYS,0.0306,83.23,43.77,H,Domain 2 core beta sheet,0,
C,218,ALA,0.0412,0.0,40.45,H,Domain 2 core beta sheet,0,
C,219,THR,0.0346,19.32,42.28,H,Domain 2 core beta sheet,0,
C,220,PRO,0.0277,72.69,43.03,H,Domain 2 core beta sheet,0,
C,221,LEU,0.0409,22.91,45.66,H,Domain 2 core beta sheet,0,
C,222,SER,0.2056,13.42,51.69,H,Domain 2 core beta sheet,0,
C,223,SER,0.273,84.97,55.77,C,Domain 2 core beta sheet,0,
C,224,THR,0.5221,45.85,53.78,E,Domain 2 core beta sheet,0,
C,225,VAL,0.6231,0.0,46.6,E,Domain 2 core beta sheet,0,
C,226,THR,0.6192,29.63,47.78,E,Domain 2 core beta sheet,0,
C,227,LEU,0.6112,3.62,49.26,E,Domain 2 core beta sheet,0,
C,228,SER,0.6255,16.07,53.58,E,Domain 2 core beta sheet,0,
C,229,MET,0.5415,0.0,60.44,E,Domain 2 core beta sheet,0,
C,230,SER,0.522,15.29,62.33,C,Domain 2 core beta sheet,0,
C,231,ALA,0.3625,65.65,72.83,C,C-terminal loop — AOH1996 cryptic pocket region,0,
C,232,ASP,0.4184,112.01,75.24,C,C-terminal loop — AOH1996 cryptic pocket region,0,
C,233,VAL,0.3302,28.98,62.08,C,C-terminal loop — AOH1996 cryptic pocket region,0,
C,234,PRO,0.5422,6.04,55.06,C,C-terminal loop — AOH1996 cryptic pocket region,0,
C,235,LEU,0.5896,3.62,49.45,E,C-terminal loop — AOH1996 cryptic pocket region,0,
C,236,VAL,0.6346,4.83,48.04,E,C-terminal loop — AOH1996 cryptic pocket region,0,
C,237,VAL,0.6237,0.0,44.93,E,C-terminal loop — AOH1996 cryptic pocket region,0,
C,238,GLU,0.5963,31.21,49.62,E,C-terminal loop — AOH1996 cryptic pocket region,0,
C,239,TYR,0.4913,0.0,47.16,E,C-terminal loop — AOH1996 cryptic pocket region,0,
C,240,LYS,0.3911,82.78,56.83,E,C-terminal loop — AOH1996 cryptic pocket region,0,
C,241,ILE,0.117,2.42,55.86,E,C-terminal loop — AOH1996 cryptic pocket region,0,
C,242,ALA,0.0938,70.64,59.65,C,C-terminal loop — AOH1996 cryptic pocket region,0,
C,243,ASP,0.0376,104.77,61.12,C,C-terminal loop — AOH1996 cryptic pocket region,0,
C,244,MET,0.041,4.91,57.64,C,C-terminal loop — AOH1996 cryptic pocket region,0,
C,245,GLY,0.1334,0.0,49.52,E,C-terminal loop — AOH1996 cryptic pocket region,0,
C,246,HIS,0.4333,13.28,48.31,E,C-terminal loop — AOH1996 cryptic pocket region,0,
C,247,LEU,0.4181,0.0,46.57,E,C-terminal loop — AOH1996 cryptic pocket region,0,
C,248,LYS,0.484,25.61,49.57,E,C-terminal loop — AOH1996 cryptic pocket region,0,
C,249,TYR,0.5022,0.0,44.02,E,C-terminal loop — AOH1996 cryptic pocket region,0,
C,250,TYR,0.4584,6.43,43.12,E,C-terminal loop — AOH1996 cryptic pocket region,0,
C,251,LEU,0.2068,1.21,43.62,E,C-terminal loop — AOH1996 cryptic pocket region,0,
C,252,ALA,0.3366,0.0,48.04,C,C-terminal loop — AOH1996 cryptic pocket region,0,
C,253,PRO,0.1815,18.64,56.4,C,C-terminal loop — AOH1996 cryptic pocket region,0,
C,254,LYS,0.0867,61.85,72.9,C,C-terminal tail (protein-protein interface),0,
C,255,ILE,0.0328,178.37,97.91,C,C-terminal tail (protein-protein interface),0,
D,1069,GLY,0.0587,82.04,107.97,C,Core beta sheet,0,
D,1070,SER,0.1363,22.8,83.46,C,Core beta sheet,0,
D,1071,ASP,0.1089,48.51,53.45,C,Core beta sheet,0,
D,1072,ILE,0.1422,0.0,46.84,H,Core beta sheet,0,
D,1073,THR,0.083,53.1,59.56,H,Core beta sheet,0,
D,1074,ARG,0.0362,159.26,63.2,H,Core beta sheet,0,
D,1075,PHE,0.0708,47.08,48.13,H,Core beta sheet,0,
D,1076,LEU,0.0335,32.43,64.8,H,Core beta sheet,0,
D,1077,VAL,0.0332,61.59,91.86,C,Core beta sheet,0,
D,1078,LYS,0.0291,188.54,117.44,C,Core beta sheet,0,
D,1079,LYS,0.0238,207.87,106.89,C,Core beta sheet,0,
E,1,MET,0.0796,37.1,76.5,C,N-terminal beta sheet (domain 1),0,
E,2,PHE,0.2912,4.83,65.73,E,N-terminal beta sheet (domain 1),0,
E,3,GLU,0.5931,52.38,67.34,E,N-terminal beta sheet (domain 1),0,
E,4,ALA,0.6157,2.28,67.51,E,N-terminal beta sheet (domain 1),0,
E,5,ARG,0.6169,74.3,70.68,E,N-terminal beta sheet (domain 1),0,
E,6,LEU,0.6101,16.89,66.83,C,N-terminal beta sheet (domain 1),0,
E,7,VAL,0.618,76.3,69.38,C,N-terminal beta sheet (domain 1),0,
E,8,GLN,0.538,84.59,61.04,C,N-terminal beta sheet (domain 1),0,
E,9,GLY,0.4042,3.39,55.32,H,N-terminal beta sheet (domain 1),0,
E,10,SER,0.0733,12.33,57.25,H,N-terminal beta sheet (domain 1),0,
E,11,ILE,0.031,14.49,56.84,H,N-terminal beta sheet (domain 1),0,
E,12,LEU,0.0291,8.45,52.1,H,N-terminal beta sheet (domain 1),0,
E,13,LYS,0.0253,33.47,53.3,H,N-terminal beta sheet (domain 1),0,
E,14,LYS,0.0232,55.21,46.04,H,N-terminal beta sheet (domain 1),0,
E,15,VAL,0.0235,0.0,44.13,H,N-terminal beta sheet (domain 1),0,
E,16,LEU,0.0242,0.0,49.63,H,N-terminal beta sheet (domain 1),0,
E,17,GLU,0.0233,56.7,62.17,H,N-terminal beta sheet (domain 1),0,
E,18,ALA,0.0312,1.07,58.35,H,N-terminal beta sheet (domain 1),0,
E,19,LEU,0.0273,0.0,54.0,H,N-terminal beta sheet (domain 1),0,
E,20,LYS,0.0274,47.26,57.22,H,N-terminal beta sheet (domain 1),0,
E,21,ASP,0.0305,63.23,68.84,H,N-terminal beta sheet (domain 1),0,
E,22,LEU,0.0452,15.55,58.94,C,N-terminal beta sheet (domain 1),0,
E,23,ILE,0.1154,0.0,56.57,C,N-terminal beta sheet (domain 1),0,
E,24,ASN,0.2683,82.13,62.95,C,N-terminal beta sheet (domain 1),0,
E,25,GLU,0.5197,53.45,66.67,E,N-terminal beta sheet (domain 1),0,
E,26,ALA,0.5777,1.21,58.59,E,N-terminal beta sheet (domain 1),0,
E,27,CYS,0.5946,10.53,60.21,E,N-terminal beta sheet (domain 1),0,
E,28,TRP,0.586,8.45,57.45,E,N-terminal beta sheet (domain 1),0,
E,29,ASP,0.5904,30.43,61.68,E,N-terminal beta sheet (domain 1),0,
E,30,ILE,0.5585,6.7,58.87,E,N-terminal beta sheet (domain 1),0,
E,31,SER,0.5116,13.81,59.08,E,N-terminal beta sheet (domain 1),0,
E,32,SER,0.3311,66.09,59.38,C,N-terminal beta sheet (domain 1),0,
E,33,SER,0.3404,67.6,58.27,C,N-terminal beta sheet (domain 1),0,
E,34,GLY,0.5237,0.0,55.49,E,N-terminal beta sheet (domain 1),0,
E,35,VAL,0.572,6.04,56.2,E,N-terminal beta sheet (domain 1),0,
E,36,ASN,0.5769,37.6,55.82,E,N-terminal beta sheet (domain 1),0,
E,37,LEU,0.5955,1.07,51.25,E,N-terminal beta sheet (domain 1),0,
E,38,GLN,0.6224,38.33,53.54,E,N-terminal beta sheet (domain 1),0,
E,39,SER,0.6686,15.55,55.86,E,N-terminal beta sheet (domain 1),0,
E,40,MET,0.6662,52.43,56.74,E,N-terminal beta sheet (domain 1),0,
E,41,ASP,0.6004,4.42,56.49,C,Front-face loop (PIP-box groove),0,
E,42,SER,0.5576,81.35,60.53,C,Front-face loop (PIP-box groove),0,
E,43,SER,0.4976,34.46,57.32,C,Front-face loop (PIP-box groove),0,
E,44,HIS,0.5653,82.73,58.51,C,Front-face loop (PIP-box groove),0,
E,45,VAL,0.5715,12.08,54.46,C,Front-face loop (PIP-box groove),0,
E,46,SER,0.627,1.07,50.32,E,Front-face loop (PIP-box groove),0,
E,47,LEU,0.6266,3.62,52.74,E,Front-face loop (PIP-box groove),0,
E,48,VAL,0.6453,2.3,48.62,E,Core beta sheet,0,
E,49,GLN,0.6044,29.26,49.87,E,Core beta sheet,0,
E,50,LEU,0.5979,0.0,48.53,E,Core beta sheet,0,
E,51,THR,0.5783,13.67,53.06,E,Core beta sheet,0,
E,52,LEU,0.5577,7.25,53.0,E,Core beta sheet,0,
E,53,ARG,0.2271,57.94,56.1,E,Core beta sheet,0,
E,54,SER,0.231,20.9,59.37,C,Core beta sheet,0,
E,55,GLU,0.0562,139.12,67.57,H,Core beta sheet,0,
E,56,GLY,0.2102,7.77,72.07,H,Core beta sheet,0,
E,57,PHE,0.2862,24.66,68.91,H,Core beta sheet,0,
E,58,ASP,0.3568,98.32,75.31,C,Core beta sheet,0,
E,59,THR,0.2544,69.34,77.84,E,Core beta sheet,0,
E,60,TYR,0.2042,48.23,62.89,E,Core beta sheet,0,
E,61,ARG,0.0528,115.08,70.07,E,Core beta sheet,0,
E,62,CYS,0.0513,18.52,61.73,E,Core beta sheet,0,
E,63,ASP,0.0292,90.58,67.22,C,Core beta sheet,0,
E,64,ARG,0.0315,102.53,70.32,C,Core beta sheet,0,
E,65,ASN,0.2713,88.53,61.32,C,Core beta sheet,0,
E,66,LEU,0.3283,38.37,60.56,E,Core beta sheet,0,
E,67,ALA,0.5393,45.57,60.3,E,Core beta sheet,0,
E,68,MET,0.5926,2.42,63.33,E,Core beta sheet,0,
E,69,GLY,0.6245,0.0,59.23,E,Core beta sheet,0,
E,70,VAL,0.5989,0.0,57.73,E,Core beta sheet,0,
E,71,ASN,0.5191,45.75,54.96,E,Core beta sheet,0,
E,72,LEU,0.3022,1.21,51.48,H,Core beta sheet,0,
E,73,THR,0.2021,52.03,60.6,H,Core beta sheet,0,
E,74,SER,0.2098,22.8,55.76,H,Core beta sheet,0,
E,75,MET,0.1527,2.49,51.63,H,Core beta sheet,0,
E,76,SER,0.0504,6.7,55.42,H,Core beta sheet,0,
E,77,LYS,0.0334,91.64,59.05,H,Core beta sheet,0,
E,78,ILE,0.0277,1.21,55.67,H,Core beta sheet,0,
E,79,LEU,0.028,3.62,53.8,H,Core beta sheet,0,
E,80,LYS,0.0274,110.42,59.35,H,Core beta sheet,0,
E,81,CYS,0.0301,0.0,61.85,H,Core beta sheet,0,
E,82,ALA,0.0677,0.0,60.98,C,Core beta sheet,0,
E,83,GLY,0.0951,1.21,66.97,C,Core beta sheet,0,
E,84,ASN,0.0555,57.86,70.45,C,Core beta sheet,0,
E,85,GLU,0.0638,125.02,69.25,C,Core beta sheet,0,
E,86,ASP,0.3671,7.5,64.0,C,Core beta sheet,0,
E,87,ILE,0.3545,57.97,61.42,E,Core beta sheet,0,
E,88,ILE,0.4834,1.21,59.55,E,Core beta sheet,0,
E,89,THR,0.3354,8.18,61.22,E,Core beta sheet,0,
E,90,LEU,0.3147,16.91,60.85,E,Core beta sheet,0,
E,91,ARG,0.0939,78.45,65.71,E,Core beta sheet,0,
E,92,ALA,0.1293,2.28,71.86,E,Core beta sheet,0,
E,93,GLU,0.038,106.52,102.53,C,Core beta sheet,0,
E,94,ASP,0.0377,82.74,121.27,C,Core beta sheet,0,
E,95,ASN,0.0399,146.98,121.04,C,Core beta sheet,0,
E,96,ALA,0.1989,22.77,109.24,C,Core beta sheet,0,
E,97,ASP,0.3762,93.96,90.29,C,Core beta sheet,0,
E,98,THR,0.5832,46.52,71.61,E,Core beta sheet,0,
E,99,LEU,0.6093,3.62,62.26,E,Core beta sheet,0,
E,100,ALA,0.6117,12.08,60.89,E,Core beta sheet,0,
E,101,LEU,0.6585,0.0,58.08,E,Core beta sheet,0,
E,102,VAL,0.6667,19.32,57.5,E,Core beta sheet,0,
E,103,PHE,0.5908,0.0,57.86,E,Core beta sheet,0,
E,104,GLU,0.498,43.69,61.23,E,Core beta sheet,0,
E,105,ALA,0.1867,8.04,64.99,C,Core beta sheet,0,
E,106,PRO,0.1215,76.18,72.92,C,Core beta sheet,0,
E,107,ASN,0.0345,88.87,88.85,C,Core beta sheet,0,
E,108,GLN,0.0689,119.29,106.42,C,Core beta sheet,0,
E,109,GLU,0.0335,42.33,101.21,C,Core beta sheet,0,
E,110,LYS,0.1091,11.62,75.61,E,Core beta sheet,0,
E,111,VAL,0.1456,56.49,66.95,E,Core beta sheet,0,
E,112,SER,0.2821,0.0,62.45,E,Core beta sheet,0,
E,113,ASP,0.4067,35.26,63.14,E,Core beta sheet,0,
E,114,TYR,0.4189,0.0,60.58,E,Core beta sheet,0,
E,115,GLU,0.6067,78.37,65.34,E,Core beta sheet,0,
E,116,MET,0.614,1.21,63.47,E,Core beta sheet,0,
E,117,LYS,0.6273,127.55,75.3,E,Core beta sheet,0,
E,118,LEU,0.63,25.85,80.06,C,Core beta sheet,0,
E,119,MET,0.5847,67.05,86.87,C,IDCL — Interdomain Connecting Loop (key interaction hub),0,
E,120,ASP,0.5713,121.92,94.66,C,IDCL — Interdomain Connecting Loop (key interaction hub),0,
E,121,LEU,0.523,40.5,96.81,C,IDCL — Interdomain Connecting Loop (key interaction hub),0,
E,122,ASP,0.4747,147.27,122.1,C,IDCL — Interdomain Connecting Loop (key interaction hub),0,
E,123,VAL,0.4268,78.6,134.69,C,IDCL — Interdomain Connecting Loop (key interaction hub),0,
E,124,GLU,0.331,131.53,132.87,C,IDCL — Interdomain Connecting Loop (key interaction hub),0,
E,125,GLN,0.3327,87.67,121.51,C,IDCL — Interdomain Connecting Loop (key interaction hub),0,
E,126,LEU,0.1468,51.41,98.72,C,IDCL — Interdomain Connecting Loop (key interaction hub),0,
E,127,GLY,0.4231,12.92,85.21,C,IDCL — Interdomain Connecting Loop (key interaction hub),0,
E,128,ILE,0.3732,19.47,80.37,C,IDCL — Interdomain Connecting Loop (key interaction hub),0,
E,129,PRO,0.4681,65.21,82.02,C,IDCL — Interdomain Connecting Loop (key interaction hub),0,
E,130,GLU,0.5083,128.45,89.9,C,IDCL — Interdomain Connecting Loop (key interaction hub),0,
E,131,GLN,0.5039,53.72,85.14,C,IDCL — Interdomain Connecting Loop (key interaction hub),0,
E,132,GLU,0.5137,138.74,95.46,C,IDCL — Interdomain Connecting Loop (key interaction hub),0,
E,133,TYR,0.5407,22.97,72.22,C,IDCL — Interdomain Connecting Loop (key interaction hub),0,
E,134,SER,0.5655,4.29,69.46,C,IDCL — Interdomain Connecting Loop (key interaction hub),0,
E,135,CYS,0.5772,0.0,77.15,E,Domain 2 core beta sheet,0,
E,136,VAL,0.6041,37.3,65.54,E,Domain 2 core beta sheet,0,
E,137,VAL,0.6599,0.0,64.78,E,Domain 2 core beta sheet,0,
E,138,LYS,0.6816,95.51,69.67,E,Domain 2 core beta sheet,0,
E,139,MET,0.6831,1.21,65.29,E,Domain 2 core beta sheet,0,
E,140,PRO,0.6449,9.66,60.56,E,Domain 2 core beta sheet,0,
E,141,SER,0.5969,8.57,55.96,H,Domain 2 core beta sheet,0,
E,142,GLY,0.1622,27.69,60.15,H,Domain 2 core beta sheet,0,
E,143,GLU,0.0469,27.76,59.81,H,Domain 2 core beta sheet,0,
E,144,PHE,0.1223,1.21,50.0,H,Domain 2 core beta sheet,0,
E,145,ALA,0.0316,23.61,47.43,H,Domain 2 core beta sheet,0,
E,146,ARG,0.0273,41.01,53.64,H,Domain 2 core beta sheet,0,
E,147,ILE,0.0283,1.21,49.27,H,Domain 2 core beta sheet,0,
E,148,CYS,0.033,3.78,49.31,H,Domain 2 core beta sheet,0,
E,149,ARG,0.0282,101.96,49.44,H,Domain 2 core beta sheet,0,
E,150,ASP,0.0334,0.0,54.18,H,Domain 2 core beta sheet,0,
E,151,LEU,0.0755,1.21,50.61,H,Domain 2 core beta sheet,0,
E,152,SER,0.0949,11.92,54.11,H,Domain 2 core beta sheet,0,
E,153,HIS,0.0314,70.34,61.51,H,Domain 2 core beta sheet,0,
E,154,ILE,0.0316,10.99,57.46,C,Domain 2 core beta sheet,0,
E,155,GLY,0.1726,3.62,57.35,C,Domain 2 core beta sheet,0,
E,156,ASP,0.1679,78.8,58.78,C,Domain 2 core beta sheet,0,
E,157,ALA,0.5014,22.15,49.42,E,Domain 2 core beta sheet,0,
E,158,VAL,0.5602,2.42,48.9,E,Domain 2 core beta sheet,0,
E,159,VAL,0.5284,43.47,52.72,E,Domain 2 core beta sheet,0,
E,160,ILE,0.4739,6.04,55.14,E,Domain 2 core beta sheet,0,
E,161,SER,0.3606,16.36,64.3,E,Domain 2 core beta sheet,0,
E,162,CYS,0.3171,3.35,82.34,E,Domain 2 core beta sheet,0,
E,163,ALA,0.1812,43.47,97.56,C,Domain 2 core beta sheet,0,
E,164,LYS,0.2215,155.6,113.56,C,Domain 2 core beta sheet,0,
E,165,ASP,0.071,136.08,115.09,C,Domain 2 core beta sheet,0,
E,166,GLY,0.2633,4.72,82.7,E,Domain 2 core beta sheet,0,
E,167,VAL,0.3401,2.42,67.14,E,Domain 2 core beta sheet,0,
E,168,LYS,0.607,66.98,64.14,E,Domain 2 core beta sheet,0,
E,169,PHE,0.6159,2.42,52.9,E,Domain 2 core beta sheet,0,
E,170,SER,0.6423,27.6,53.12,E,Domain 2 core beta sheet,0,
E,171,ALA,0.5076,11.67,54.0,E,Domain 2 core beta sheet,0,
E,172,SER,0.2721,67.97,55.58,E,Domain 2 core beta sheet,0,
E,173,GLY,0.0975,22.81,59.89,E,Domain 2 core beta sheet,0,
E,174,GLU,0.0415,180.68,70.14,C,Domain 2 core beta sheet,0,
E,175,LEU,0.0582,41.06,71.26,C,Domain 2 core beta sheet,0,
E,176,GLY,0.1182,6.04,58.45,E,Domain 2 core beta sheet,0,
E,177,ASN,0.2998,61.86,58.79,E,Domain 2 core beta sheet,0,
E,178,GLY,0.365,2.14,53.37,E,Domain 2 core beta sheet,0,
E,179,ASN,0.5079,31.6,58.22,E,Domain 2 core beta sheet,0,
E,180,ILE,0.3082,0.0,58.99,E,Domain 2 core beta sheet,0,
E,181,LYS,0.2944,101.64,68.71,E,Domain 2 core beta sheet,0,
E,182,LEU,0.3258,3.35,71.95,E,Domain 2 core beta sheet,0,
E,183,SER,0.2894,29.37,83.85,E,Domain 2 core beta sheet,0,
E,184,GLN,0.527,77.09,88.65,C,Domain 2 core beta sheet,0,
E,185,THR,0.3741,27.35,104.62,C,Domain 2 core beta sheet,0,
E,186,SER,0.1103,108.19,116.95,C,Domain 2 core beta sheet,0,
E,187,ASN,0.0519,144.05,133.55,C,Domain 2 core beta sheet,0,
E,188,VAL,0.0894,92.54,140.65,C,Domain 2 core beta sheet,0,
E,189,ASP,0.0485,193.6,128.33,C,Domain 2 core beta sheet,0,
E,193,GLU,0.16,160.99,100.77,C,Domain 2 core beta sheet,0,
E,194,ALA,0.5047,35.21,93.17,C,Domain 2 core beta sheet,0,
E,195,VAL,0.5359,4.83,79.13,C,Domain 2 core beta sheet,0,
E,196,THR,0.584,53.76,80.2,E,Domain 2 core beta sheet,0,
E,197,ILE,0.5549,19.42,83.29,E,Domain 2 core beta sheet,0,
E,198,GLU,0.5186,111.76,94.36,E,Domain 2 core beta sheet,0,
E,199,MET,0.3339,52.13,95.58,E,Domain 2 core beta sheet,0,
E,200,ASN,0.2901,99.8,95.23,C,Domain 2 core beta sheet,0,
E,201,GLU,0.0747,84.04,88.65,C,Domain 2 core beta sheet,0,
E,202,PRO,0.22,88.12,78.75,C,Domain 2 core beta sheet,0,
E,203,VAL,0.3683,11.8,77.06,E,Domain 2 core beta sheet,0,
E,204,GLN,0.5642,131.58,71.27,E,Domain 2 core beta sheet,0,
E,205,LEU,0.6242,9.66,63.89,E,Domain 2 core beta sheet,0,
E,206,THR,0.5987,46.31,53.34,E,Domain 2 core beta sheet,0,
E,207,PHE,0.5921,0.0,48.32,E,Domain 2 core beta sheet,0,
E,208,ALA,0.2792,12.08,48.41,E,Domain 2 core beta sheet,0,
E,209,LEU,0.1821,1.21,47.09,H,Domain 2 core beta sheet,0,
E,210,ARG,0.0405,101.39,49.28,H,Domain 2 core beta sheet,0,
E,211,TYR,0.0511,20.92,44.75,H,Domain 2 core beta sheet,0,
E,212,LEU,0.0437,1.21,43.26,H,Domain 2 core beta sheet,0,
E,213,ASN,0.0468,12.81,44.82,H,Domain 2 core beta sheet,0,
E,214,PHE,0.0801,45.75,44.24,H,Domain 2 core beta sheet,0,
E,215,PHE,0.34,0.0,43.52,H,Domain 2 core beta sheet,0,
E,216,THR,0.1346,17.14,46.2,H,Domain 2 core beta sheet,0,
E,217,LYS,0.1074,76.22,51.94,H,Domain 2 core beta sheet,0,
E,218,ALA,0.1887,1.21,48.58,H,Domain 2 core beta sheet,0,
E,219,THR,0.1254,29.78,49.66,H,Domain 2 core beta sheet,0,
E,220,PRO,0.0621,79.53,51.13,H,Domain 2 core beta sheet,0,
E,221,LEU,0.0737,22.77,54.25,H,Domain 2 core beta sheet,0,
E,222,SER,0.3491,20.38,59.99,H,Domain 2 core beta sheet,0,
E,223,SER,0.4071,89.67,64.67,C,Domain 2 core beta sheet,0,
E,224,THR,0.5915,49.63,65.17,E,Domain 2 core beta sheet,0,
E,225,VAL,0.6355,0.0,56.76,E,Domain 2 core beta sheet,0,
E,226,THR,0.6947,26.14,55.7,E,Domain 2 core beta sheet,0,
E,227,LEU,0.6895,3.62,56.99,E,Domain 2 core beta sheet,0,
E,228,SER,0.6951,10.71,57.5,E,Domain 2 core beta sheet,0,
E,229,MET,0.6018,3.62,60.97,E,Domain 2 core beta sheet,0,
E,230,SER,0.5877,6.04,61.03,C,Domain 2 core beta sheet,0,
E,231,ALA,0.548,63.49,63.28,C,C-terminal loop — AOH1996 cryptic pocket region,0,
E,232,ASP,0.5537,120.61,64.58,C,C-terminal loop — AOH1996 cryptic pocket region,0,
E,233,VAL,0.5467,26.57,56.75,C,C-terminal loop — AOH1996 cryptic pocket region,0,
E,234,PRO,0.5926,0.0,51.32,C,C-terminal loop — AOH1996 cryptic pocket region,0,
E,235,LEU,0.6106,1.21,47.76,E,C-terminal loop — AOH1996 cryptic pocket region,0,
E,236,VAL,0.6423,6.04,48.65,E,C-terminal loop — AOH1996 cryptic pocket region,0,
E,237,VAL,0.6731,0.0,51.5,E,C-terminal loop — AOH1996 cryptic pocket region,0,
E,238,GLU,0.6779,23.84,55.6,E,C-terminal loop — AOH1996 cryptic pocket region,0,
E,239,TYR,0.6642,0.0,52.48,E,C-terminal loop — AOH1996 cryptic pocket region,0,
E,240,LYS,0.5537,73.35,58.85,E,C-terminal loop — AOH1996 cryptic pocket region,0,
E,241,ILE,0.4712,2.42,57.59,E,C-terminal loop — AOH1996 cryptic pocket region,0,
E,242,ALA,0.3281,76.04,66.77,C,C-terminal loop — AOH1996 cryptic pocket region,0,
E,243,ASP,0.18,140.64,71.83,C,C-terminal loop — AOH1996 cryptic pocket region,0,
E,244,MET,0.1067,2.49,64.07,C,C-terminal loop — AOH1996 cryptic pocket region,0,
E,245,GLY,0.316,2.14,59.28,E,C-terminal loop — AOH1996 cryptic pocket region,0,
E,246,HIS,0.4471,16.91,55.37,E,C-terminal loop — AOH1996 cryptic pocket region,0,
E,247,LEU,0.5865,0.0,51.09,E,C-terminal loop — AOH1996 cryptic pocket region,0,
E,248,LYS,0.5762,25.61,52.69,E,C-terminal loop — AOH1996 cryptic pocket region,0,
E,249,TYR,0.5985,0.0,45.14,E,C-terminal loop — AOH1996 cryptic pocket region,0,
E,250,TYR,0.5976,9.92,47.78,E,C-terminal loop — AOH1996 cryptic pocket region,0,
E,251,LEU,0.542,0.0,47.3,E,C-terminal loop — AOH1996 cryptic pocket region,0,
E,252,ALA,0.5474,0.0,49.46,C,C-terminal loop — AOH1996 cryptic pocket region,0,
E,253,PRO,0.3924,9.66,53.01,C,C-terminal loop — AOH1996 cryptic pocket region,0,
E,254,LYS,0.1587,75.68,70.8,C,C-terminal tail (protein-protein interface),0,
E,255,ILE,0.0522,88.55,94.46,C,C-terminal tail (protein-protein interface),0,
E,256,GLU,0.0244,218.59,101.56,C,C-terminal tail (protein-protein interface),0,
F,1069,GLY,0.1042,57.19,62.19,C,Core beta sheet,0,
F,1070,SER,0.3449,16.09,61.34,C,Core beta sheet,0,
F,1071,ASP,0.2195,45.43,57.92,C,Core beta sheet,0,
F,1072,ILE,0.2718,0.0,39.23,H,Core beta sheet,0,
F,1073,THR,0.1685,60.06,58.05,H,Core beta sheet,0,
F,1074,ARG,0.0509,131.58,51.16,H,Core beta sheet,0,
F,1075,PHE,0.1671,37.69,52.52,H,Core beta sheet,0,
F,1076,LEU,0.0624,31.09,70.99,H,Core beta sheet,0,
F,1077,VAL,0.0783,84.13,85.04,C,Core beta sheet,0,
F,1078,LYS,0.0367,194.4,103.09,C,Core beta sheet,0,
