name,official_url,download_date,license,file_path,file_size,sha256,file_type,schema_preview,contains,trust_level,intended_role,warnings,status
CryptoBench (OSF API search),https://api.osf.io/v2/nodes/?filter[title]=CryptoBench,2026-05-27T18:53:33Z,UNKNOWN,,,,,,,UNVERIFIED,,OSF API returned no result,INACCESSIBLE
CryptoBench OSF search page,https://osf.io/search/?q=CryptoBench,2026-05-27T18:53:33Z,UNKNOWN,data\raw_intake\cryptobench\osf_search_page.html,4.2 KB,b822066d7d70e4af25ab91701580983fd38ae77401008bf5dd770eb50145332f,HTML,,metadata,LINKED_ONLY,CryptoBench discovery,,ACQUIRED
CryptoBench GitHub search results,https://api.github.com/search/repositories?q=CryptoBench+cryptic+pocket,2026-05-27T18:53:33Z,UNKNOWN,data\raw_intake\cryptobench\github_search_cryptobench.json,72 B,53895997f5e07566d90a3f34b7fbb880fb1acf32d885aa31fbb268a6d7769d2a,JSON,,metadata,OFFICIAL_API,CryptoBench repo discovery,,ACQUIRED
RCSB PCNA full-text search results,https://search.rcsb.org/rcsbsearch/v2/query,2026-05-27T18:53:33Z,Public Domain (PDB data policy),data\raw_intake\rcsb_pdb\rcsb_pcna_search_results.json,4.1 KB,95ed9ca58c4a8cd2ce6ddf15ea132a38e9fe5e1ac087fb3fb3579df1358ba9c1,JSON,,metadata,OFFICIAL_API,PCNA structure discovery,Full-text search; check each structure relevance manually,ACQUIRED
RCSB PDB 8GLA metadata,https://www.rcsb.org/structure/8GLA,2026-05-27T18:53:33Z,Public Domain (wwPDB open access),data\raw_intake\pcna_structures\8GLA_metadata.json,19.7 KB,f5281ca8fad1055dfeaf32b9de3070dd87a9131577790a28250ef173f3f4dead,JSON (RCSB REST API),"method=X-ray, resolution=3.77Å, organism=Homo sapiens, chains=1, nonpoly=2, ligands=[]",structures|metadata,OFFICIAL_API,positive-control (cryptic pocket ligand),8GLA contains AOH1996 bound at cryptic PCNA pocket — use as positive control only,ACQUIRED
RCSB PDB 8GLA mmCIF,https://files.rcsb.org/download/8GLA.cif,2026-05-27T18:53:33Z,Public Domain (wwPDB open access),data\raw_intake\pcna_structures\8GLA.cif,826.0 KB,8c88e5ef1fe2df0403bcd2e56e5e626711949600bbcee6d51b749ffabb630bec,mmCIF,data_8GLA,structures,OFFICIAL_DOWNLOAD,PCNA positive-control structure,Not adopted for training — experimental structure only,ACQUIRED
RCSB PDB 1W60 metadata,https://www.rcsb.org/structure/1W60,2026-05-27T18:53:33Z,Public Domain (wwPDB open access),data\raw_intake\pcna_structures\1W60_metadata.json,14.8 KB,58b5ebde62c0412880214d60ae499c225c331b75bf75bdb1dddcc4db1ae39924,JSON (RCSB REST API),"method=X-ray, resolution=3.15Å, organism=HOMO SAPIENS, chains=1, nonpoly=0, ligands=[]",structures|metadata,OFFICIAL_API,PCNA reference structure,,ACQUIRED
RCSB PDB 1W60 mmCIF,https://files.rcsb.org/download/1W60.cif,2026-05-27T18:53:33Z,Public Domain (wwPDB open access),data\raw_intake\pcna_structures\1W60.cif,434.5 KB,bceb8eaede5fb7a356ef8b293aae75ef3f8cd3564b81c60c4f16827afcddf9a8,mmCIF,data_1W60,structures,OFFICIAL_DOWNLOAD,PCNA reference structure,Not adopted for training — experimental structure only,ACQUIRED
RCSB PDB 1AXC metadata,https://www.rcsb.org/structure/1AXC,2026-05-27T18:53:33Z,Public Domain (wwPDB open access),data\raw_intake\pcna_structures\1AXC_metadata.json,15.8 KB,40181cdc665d9d7ddab317e0d8ac96539b837d985f80626deb6b071626f3493f,JSON (RCSB REST API),"method=X-ray, resolution=2.6Å, organism=Homo sapiens, chains=2, nonpoly=0, ligands=[]",structures|metadata,OFFICIAL_API,PCNA structure inventory,,ACQUIRED
RCSB PDB 1AXC mmCIF,https://files.rcsb.org/download/1AXC.cif,2026-05-27T18:53:33Z,Public Domain (wwPDB open access),data\raw_intake\pcna_structures\1AXC.cif,853.7 KB,f9472769dcbceec05533fa1a85e617dd50e2dde66f2c9f6554d52a2ecc1ec135,mmCIF,data_1AXC,structures,OFFICIAL_DOWNLOAD,PCNA reference structure,Not adopted for training — experimental structure only,ACQUIRED
RCSB PDB 1W63 metadata,https://www.rcsb.org/structure/1W63,2026-05-27T18:53:33Z,Public Domain (wwPDB open access),data\raw_intake\pcna_structures\1W63_metadata.json,18.8 KB,53ee4a1ddfa938e31766bf9bb994fba7d3cd91c10a53d1ef567974e67287719a,JSON (RCSB REST API),"method=X-ray, resolution=4.0Å, organism=MUS MUSCULUS, chains=4, nonpoly=0, ligands=[]",structures|metadata,OFFICIAL_API,PCNA structure inventory,,ACQUIRED
RCSB PDB 1W63 mmCIF,https://files.rcsb.org/download/1W63.cif,2026-05-27T18:53:33Z,Public Domain (wwPDB open access),data\raw_intake\pcna_structures\1W63.cif,7.98 MB,589a2a1e36ae13268d6551ea9b475aeb3a18cceab77a47238fe2ff8e7089a09b,mmCIF,data_1W63,structures,OFFICIAL_DOWNLOAD,PCNA reference structure,Not adopted for training — experimental structure only,ACQUIRED
RCSB PDB 3JAB metadata,https://www.rcsb.org/structure/3JAB,2026-05-27T18:53:33Z,Public Domain (wwPDB open access),data\raw_intake\pcna_structures\3JAB_metadata.json,17.8 KB,6681eada583adfc1699a1ea60463342811aa0eb36a0c29e2ab90a8b30e7aa508,JSON (RCSB REST API),"method=EM, resolution=11.0Å, organism=Bos taurus, chains=6, nonpoly=1, ligands=[]",structures|metadata,OFFICIAL_API,PCNA structure inventory,,ACQUIRED
RCSB PDB 3JAB mmCIF,https://files.rcsb.org/download/3JAB.cif,2026-05-27T18:53:33Z,Public Domain (wwPDB open access),data\raw_intake\pcna_structures\3JAB.cif,1.80 MB,ff031a497ddc10992f40a658ab9e78ba5b5c243d5ccd9b7627876bbd65a6b9d5,mmCIF,data_3JAB,structures,OFFICIAL_DOWNLOAD,PCNA reference structure,Not adopted for training — experimental structure only,ACQUIRED
RCSB PDB 6GIS metadata,https://www.rcsb.org/structure/6GIS,2026-05-27T18:53:33Z,Public Domain (wwPDB open access),data\raw_intake\pcna_structures\6GIS_metadata.json,30.4 KB,07759ecbce59147a1b2483b71d3e3d36669e7dd104bc53347c485c344e9e7db5,JSON (RCSB REST API),"method=X-ray, resolution=2.82Å, organism=Homo sapiens, chains=3, nonpoly=0, ligands=[]",structures|metadata,OFFICIAL_API,PCNA structure inventory,,ACQUIRED
RCSB PDB 6GIS mmCIF,https://files.rcsb.org/download/6GIS.cif,2026-05-27T18:53:33Z,Public Domain (wwPDB open access),data\raw_intake\pcna_structures\6GIS.cif,1.20 MB,11abcc8d33f474a8eb01574d2480e3b1aebc2a93ddff78632f89d6b8ee7ebe35,mmCIF,data_6GIS,structures,OFFICIAL_DOWNLOAD,PCNA reference structure,Not adopted for training — experimental structure only,ACQUIRED
RCSB PDB 1VYJ metadata,https://www.rcsb.org/structure/1VYJ,2026-05-27T18:53:33Z,Public Domain (wwPDB open access),data\raw_intake\pcna_structures\1VYJ_metadata.json,17.7 KB,324496643c428ec5fda3e9a04a628bde80b737607fa0120e98e362883543576f,JSON (RCSB REST API),"method=X-ray, resolution=2.8Å, organism=HOMO SAPIENS, chains=2, nonpoly=0, ligands=[]",structures|metadata,OFFICIAL_API,PCNA structure inventory,,ACQUIRED
RCSB PDB 1VYJ mmCIF,https://files.rcsb.org/download/1VYJ.cif,2026-05-27T18:53:33Z,Public Domain (wwPDB open access),data\raw_intake\pcna_structures\1VYJ.cif,1.35 MB,77c759a0a0998e31b1456b9315e4d6cf04949d556bebb4584b9cf42d50878555,mmCIF,data_1VYJ,structures,OFFICIAL_DOWNLOAD,PCNA reference structure,Not adopted for training — experimental structure only,ACQUIRED
RCSB PDB 1UL1 metadata,https://www.rcsb.org/structure/1UL1,2026-05-27T18:53:33Z,Public Domain (wwPDB open access),data\raw_intake\pcna_structures\1UL1_metadata.json,19.7 KB,56806b028947bce8dab039cfeaf9ec3f038c9b4250e8381d494ef3d467871fbe,JSON (RCSB REST API),"method=X-ray, resolution=2.9Å, organism=Homo sapiens, chains=2, nonpoly=1, ligands=[]",structures|metadata,OFFICIAL_API,PCNA structure inventory,,ACQUIRED
RCSB PDB 1UL1 mmCIF,https://files.rcsb.org/download/1UL1.cif,2026-05-27T18:53:33Z,Public Domain (wwPDB open access),data\raw_intake\pcna_structures\1UL1.cif,1.40 MB,7f11d6c7d5b8135108d143ab07c2412075914e45bcc75427cbda68d7c695a3a9,mmCIF,data_1UL1,structures,OFFICIAL_DOWNLOAD,PCNA reference structure,Not adopted for training — experimental structure only,ACQUIRED
RCSB PDB 2ZVK metadata,https://www.rcsb.org/structure/2ZVK,2026-05-27T18:53:33Z,Public Domain (wwPDB open access),data\raw_intake\pcna_structures\2ZVK_metadata.json,21.2 KB,625873bf1df0a438a50138d982df311d78d30433ab4854286a81c04bf6a311ae,JSON (RCSB REST API),"method=X-ray, resolution=2.7Å, organism=Homo sapiens, chains=2, nonpoly=0, ligands=[]",structures|metadata,OFFICIAL_API,PCNA structure inventory,,ACQUIRED
RCSB PDB 2ZVK mmCIF,https://files.rcsb.org/download/2ZVK.cif,2026-05-27T18:53:33Z,Public Domain (wwPDB open access),data\raw_intake\pcna_structures\2ZVK.cif,636.9 KB,a071a7609090c7227c60cae39b90c197aaa8dbe07b9c54dc454ca54f8fdb9e76,mmCIF,data_2ZVK,structures,OFFICIAL_DOWNLOAD,PCNA reference structure,Not adopted for training — experimental structure only,ACQUIRED
RCSB PDB 4D2G metadata,https://www.rcsb.org/structure/4D2G,2026-05-27T18:53:33Z,Public Domain (wwPDB open access),data\raw_intake\pcna_structures\4D2G_metadata.json,16.6 KB,a194808a7c12469260ef2fb3d1294e2c7869d19e571718cce16c7ce0920bd032,JSON (RCSB REST API),"method=X-ray, resolution=2.65Å, organism=HOMO SAPIENS, chains=2, nonpoly=0, ligands=[]",structures|metadata,OFFICIAL_API,PCNA structure inventory,,ACQUIRED
RCSB PDB 4D2G mmCIF,https://files.rcsb.org/download/4D2G.cif,2026-05-27T18:53:33Z,Public Domain (wwPDB open access),data\raw_intake\pcna_structures\4D2G.cif,1.26 MB,0405ce41ced9ab78d964bd8d5e716eda901d19430e8cbff2042174ac61488c20,mmCIF,data_4D2G,structures,OFFICIAL_DOWNLOAD,PCNA reference structure,Not adopted for training — experimental structure only,ACQUIRED
RCSB PDB 2HIK metadata,https://www.rcsb.org/structure/2HIK,2026-05-27T18:53:33Z,Public Domain (wwPDB open access),data\raw_intake\rcsb_pdb\2HIK_metadata.json,22.9 KB,2214c30b751b70a94fb17e4442a3428babb4a292c39dfacabb441ccbc05f495d,JSON (RCSB REST API),"method=X-ray, resolution=3.3Å, organism=Sulfolobus solfataricus, chains=3, nonpoly=0, ligands=[]",structures|metadata,OFFICIAL_API,PCNA structure inventory,,ACQUIRED
RCSB PDB 2HIK mmCIF,https://files.rcsb.org/download/2HIK.cif,2026-05-27T18:53:33Z,Public Domain (wwPDB open access),data\raw_intake\rcsb_pdb\2HIK.cif,1.78 MB,2190e9f9e0940575619273e9f345c97d64394eedba00de4f6962be288df6c667,mmCIF,data_2HIK,structures,OFFICIAL_DOWNLOAD,PCNA reference structure,Not adopted for training — experimental structure only,ACQUIRED
RCSB PDB 2HII metadata,https://www.rcsb.org/structure/2HII,2026-05-27T18:53:33Z,Public Domain (wwPDB open access),data\raw_intake\rcsb_pdb\2HII_metadata.json,23.4 KB,c3f86d3b65e60ef51fdd6632b146d627c94ccb1e798aff4f7a5223d5185af65d,JSON (RCSB REST API),"method=X-ray, resolution=2.79Å, organism=Sulfolobus solfataricus, chains=3, nonpoly=0, ligands=[]",structures|metadata,OFFICIAL_API,PCNA structure inventory,,ACQUIRED
RCSB PDB 2HII mmCIF,https://files.rcsb.org/download/2HII.cif,2026-05-27T18:53:33Z,Public Domain (wwPDB open access),data\raw_intake\rcsb_pdb\2HII.cif,1.21 MB,52e93986c92a0a2a16982d66a79b80c994423fc6681f6c95b9523bb97bcd805a,mmCIF,data_2HII,structures,OFFICIAL_DOWNLOAD,PCNA reference structure,Not adopted for training — experimental structure only,ACQUIRED
RCSB PDB 2NTI metadata,https://www.rcsb.org/structure/2NTI,2026-05-27T18:53:33Z,Public Domain (wwPDB open access),data\raw_intake\rcsb_pdb\2NTI_metadata.json,19.9 KB,1c69e8eb8861673c188942af135f41f6537350cc20eb17cbb40866e92f191e08,JSON (RCSB REST API),"method=X-ray, resolution=2.5Å, organism=Sulfolobus solfataricus, chains=3, nonpoly=3, ligands=[]",structures|metadata,OFFICIAL_API,PCNA structure inventory,,ACQUIRED
RCSB PDB 2NTI mmCIF,https://files.rcsb.org/download/2NTI.cif,2026-05-27T18:53:33Z,Public Domain (wwPDB open access),data\raw_intake\rcsb_pdb\2NTI.cif,1.96 MB,dc21b9ed81dd97a18621bd532f650c8e3ea492cfd98d2e83387db76d4babf930,mmCIF,data_2NTI,structures,OFFICIAL_DOWNLOAD,PCNA reference structure,Not adopted for training — experimental structure only,ACQUIRED
RCSB PDB 3IFV metadata,https://www.rcsb.org/structure/3IFV,2026-05-27T18:53:33Z,Public Domain (wwPDB open access),data\raw_intake\rcsb_pdb\3IFV_metadata.json,23.5 KB,5bc17143765a15199e02f6410f70f9ecedd31088b11bad2626d8ab9e204de01d,JSON (RCSB REST API),"method=X-ray, resolution=2.0Å, organism=Haloferax volcanii, chains=1, nonpoly=1, ligands=[]",structures|metadata,OFFICIAL_API,PCNA structure inventory,,ACQUIRED
RCSB PDB 3IFV mmCIF,https://files.rcsb.org/download/3IFV.cif,2026-05-27T18:53:33Z,Public Domain (wwPDB open access),data\raw_intake\rcsb_pdb\3IFV.cif,617.3 KB,fbc10313be1b8f7e49b73d737995fd52e7b5c9f72cb78de171708b9a036cf79d,mmCIF,data_3IFV,structures,OFFICIAL_DOWNLOAD,PCNA reference structure,Not adopted for training — experimental structure only,ACQUIRED
RCSB PDB 3HI8 metadata,https://www.rcsb.org/structure/3HI8,2026-05-27T18:53:33Z,Public Domain (wwPDB open access),data\raw_intake\rcsb_pdb\3HI8_metadata.json,17.8 KB,b7b5cf723a679c0246778247d821813dabf5e613436ec2fa6e2316714fb379a6,JSON (RCSB REST API),"method=X-ray, resolution=3.202Å, organism=Haloferax volcanii, chains=1, nonpoly=0, ligands=[]",structures|metadata,OFFICIAL_API,PCNA structure inventory,,ACQUIRED
RCSB PDB 3HI8 mmCIF,https://files.rcsb.org/download/3HI8.cif,2026-05-27T18:53:33Z,Public Domain (wwPDB open access),data\raw_intake\rcsb_pdb\3HI8.cif,1.15 MB,1786225b5854205208427bbc8bc55f373c057faf3e22ad3b543fed82856dbf0c,mmCIF,data_3HI8,structures,OFFICIAL_DOWNLOAD,PCNA reference structure,Not adopted for training — experimental structure only,ACQUIRED
RCSB PDB 2IX2 metadata,https://www.rcsb.org/structure/2IX2,2026-05-27T18:53:33Z,Public Domain (wwPDB open access),data\raw_intake\rcsb_pdb\2IX2_metadata.json,20.9 KB,6de68641b3f26a47a0c044f81a43ecdc808acb8f8e8f1b56c2c5de741a0f68c1,JSON (RCSB REST API),"method=X-ray, resolution=2.2Å, organism=SULFOLOBUS SOLFATARICUS, chains=3, nonpoly=0, ligands=[]",structures|metadata,OFFICIAL_API,PCNA structure inventory,,ACQUIRED
RCSB PDB 2IX2 mmCIF,https://files.rcsb.org/download/2IX2.cif,2026-05-27T18:53:33Z,Public Domain (wwPDB open access),data\raw_intake\rcsb_pdb\2IX2.cif,618.2 KB,369f3310ac09d25e19560c477cc6ab65ba446baf6d23fe8b5a62d26c4a257779,mmCIF,data_2IX2,structures,OFFICIAL_DOWNLOAD,PCNA reference structure,Not adopted for training — experimental structure only,ACQUIRED
RCSB PDB 5AUJ metadata,https://www.rcsb.org/structure/5AUJ,2026-05-27T18:53:33Z,Public Domain (wwPDB open access),data\raw_intake\rcsb_pdb\5AUJ_metadata.json,15.0 KB,5d120ebe50fd5b497838e4bf2b051aab347b65638fe74e4c14e757e525a3dd4e,JSON (RCSB REST API),"method=X-ray, resolution=2.5Å, organism=Pyrococcus furiosus DSM 3638, chains=1, nonpoly=0, ligands=[]",structures|metadata,OFFICIAL_API,PCNA structure inventory,,ACQUIRED
RCSB PDB 5AUJ mmCIF,https://files.rcsb.org/download/5AUJ.cif,2026-05-27T18:53:33Z,Public Domain (wwPDB open access),data\raw_intake\rcsb_pdb\5AUJ.cif,243.4 KB,2be984c311029198e8a537b7f2028f072872c1656e82e0f72e56787700e47dfb,mmCIF,data_5AUJ,structures,OFFICIAL_DOWNLOAD,PCNA reference structure,Not adopted for training — experimental structure only,ACQUIRED
RCSB PDB 5A6D metadata,https://www.rcsb.org/structure/5A6D,2026-05-27T18:53:33Z,Public Domain (wwPDB open access),data\raw_intake\rcsb_pdb\5A6D_metadata.json,16.7 KB,5e6d1a3b61ed9a1311a36366f64f30ce3b95c2f2a117cb8e1a07a4cf5157f013,JSON (RCSB REST API),"method=X-ray, resolution=2.8Å, organism=THERMOCOCCUS GAMMATOLERANS, chains=1, nonpoly=0, ligands=[]",structures|metadata,OFFICIAL_API,PCNA structure inventory,,ACQUIRED
RCSB PDB 5A6D mmCIF,https://files.rcsb.org/download/5A6D.cif,2026-05-27T18:53:33Z,Public Domain (wwPDB open access),data\raw_intake\rcsb_pdb\5A6D.cif,411.6 KB,868cc56e80c5ff0ecd71e22df221e2dcb049d5b336270fb5b8bb14423b349de0,mmCIF,data_5A6D,structures,OFFICIAL_DOWNLOAD,PCNA reference structure,Not adopted for training — experimental structure only,ACQUIRED
RCSB PDB 1RWZ metadata,https://www.rcsb.org/structure/1RWZ,2026-05-27T18:53:33Z,Public Domain (wwPDB open access),data\raw_intake\rcsb_pdb\1RWZ_metadata.json,15.9 KB,845e0f6620951fec323412599510e421972f6ea13c5f559627a9914c7254df64,JSON (RCSB REST API),"method=X-ray, resolution=1.8Å, organism=Archaeoglobus fulgidus, chains=1, nonpoly=0, ligands=[]",structures|metadata,OFFICIAL_API,PCNA structure inventory,,ACQUIRED
RCSB PDB 1RWZ mmCIF,https://files.rcsb.org/download/1RWZ.cif,2026-05-27T18:53:33Z,Public Domain (wwPDB open access),data\raw_intake\rcsb_pdb\1RWZ.cif,271.5 KB,4bbe7970efd7ed105dfa88c3f27d5e1425343506bbbfe95fd685bdde56fe6e76,mmCIF,data_1RWZ,structures,OFFICIAL_DOWNLOAD,PCNA reference structure,Not adopted for training — experimental structure only,ACQUIRED
RCSB PDB 1IZ5 metadata,https://www.rcsb.org/structure/1IZ5,2026-05-27T18:53:33Z,Public Domain (wwPDB open access),data\raw_intake\rcsb_pdb\1IZ5_metadata.json,16.6 KB,7568e1352246e2daa73625f4d4f687a1d9e85da3c676aa05cd8133821169bf6a,JSON (RCSB REST API),"method=X-ray, resolution=1.8Å, organism=Pyrococcus furiosus, chains=1, nonpoly=0, ligands=[]",structures|metadata,OFFICIAL_API,PCNA structure inventory,,ACQUIRED
RCSB PDB 1IZ5 mmCIF,https://files.rcsb.org/download/1IZ5.cif,2026-05-27T18:53:33Z,Public Domain (wwPDB open access),data\raw_intake\rcsb_pdb\1IZ5.cif,421.9 KB,8a26f060f9eed206108cd585fa5c8bd760ec2fa0ce8caa8dfb174cf9b64be0cc,mmCIF,data_1IZ5,structures,OFFICIAL_DOWNLOAD,PCNA reference structure,Not adopted for training — experimental structure only,ACQUIRED
RCSB PDB 1GE8 metadata,https://www.rcsb.org/structure/1GE8,2026-05-27T18:53:33Z,Public Domain (wwPDB open access),data\raw_intake\rcsb_pdb\1GE8_metadata.json,17.0 KB,77982a1999494041afc16e20c6e08dcdad8aa44c30f10360025fe57ef02f23c9,JSON (RCSB REST API),"method=X-ray, resolution=2.1Å, organism=Pyrococcus furiosus, chains=1, nonpoly=0, ligands=[]",structures|metadata,OFFICIAL_API,PCNA structure inventory,,ACQUIRED
RCSB PDB 1GE8 mmCIF,https://files.rcsb.org/download/1GE8.cif,2026-05-27T18:53:33Z,Public Domain (wwPDB open access),data\raw_intake\rcsb_pdb\1GE8.cif,231.4 KB,57c6fb10840e4ee18ab4460248383a8dfb52f6be4b248603ea828b8eb6f9abc0,mmCIF,data_1GE8,structures,OFFICIAL_DOWNLOAD,PCNA reference structure,Not adopted for training — experimental structure only,ACQUIRED
RCSB PDB 1UD9 metadata,https://www.rcsb.org/structure/1UD9,2026-05-27T18:53:33Z,Public Domain (wwPDB open access),data\raw_intake\rcsb_pdb\1UD9_metadata.json,21.6 KB,41b99eba25b04e98e33f410ad46aec51c8c23896c54c65536a8c5a44ed8d478d,JSON (RCSB REST API),"method=X-ray, resolution=1.68Å, organism=Sulfolobus tokodaii, chains=1, nonpoly=1, ligands=[]",structures|metadata,OFFICIAL_API,PCNA structure inventory,,ACQUIRED
RCSB PDB 1UD9 mmCIF,https://files.rcsb.org/download/1UD9.cif,2026-05-27T18:53:33Z,Public Domain (wwPDB open access),data\raw_intake\rcsb_pdb\1UD9.cif,885.2 KB,d15434fab6317218f808bf24fccb45db3cd9f2227352e043f3d3244799fdc506,mmCIF,data_1UD9,structures,OFFICIAL_DOWNLOAD,PCNA reference structure,Not adopted for training — experimental structure only,ACQUIRED
RCSB PDB 5DA7 metadata,https://www.rcsb.org/structure/5DA7,2026-05-27T18:53:33Z,Public Domain (wwPDB open access),data\raw_intake\rcsb_pdb\5DA7_metadata.json,16.1 KB,23d50f3ceb2fbbf3eb053b6a6cad0aace391177057e2b66e47b13deec98d38e2,JSON (RCSB REST API),"method=X-ray, resolution=2.802Å, organism=Thermococcus kodakarensis (strain ATCC BAA-918 / JCM 12380 / KOD1), chains=2, nonpoly=1, ligands=[]",structures|metadata,OFFICIAL_API,PCNA structure inventory,,ACQUIRED
RCSB PDB 5DA7 mmCIF,https://files.rcsb.org/download/5DA7.cif,2026-05-27T18:53:33Z,Public Domain (wwPDB open access),data\raw_intake\rcsb_pdb\5DA7.cif,511.7 KB,1e6b9021bc82d9826f5b0a7c586c6bf0f1302e8136c851ef75f7b7b7f719b9fd,mmCIF,data_5DA7,structures,OFFICIAL_DOWNLOAD,PCNA reference structure,Not adopted for training — experimental structure only,ACQUIRED
RCSB PDB 5HAC metadata,https://www.rcsb.org/structure/5HAC,2026-05-27T18:53:33Z,Public Domain (wwPDB open access),data\raw_intake\rcsb_pdb\5HAC_metadata.json,21.6 KB,54fd4eaa3910cba63e1acd2051fa81ffe355ea8fff9a88e3fbad1fe7bd65673e,JSON (RCSB REST API),"method=X-ray, resolution=2.95Å, organism=Leishmania donovani, chains=1, nonpoly=0, ligands=[]",structures|metadata,OFFICIAL_API,PCNA structure inventory,,ACQUIRED
RCSB PDB 5HAC mmCIF,https://files.rcsb.org/download/5HAC.cif,2026-05-27T18:53:33Z,Public Domain (wwPDB open access),data\raw_intake\rcsb_pdb\5HAC.cif,1.27 MB,41b7148134a6ec6b82cae2a7b622e05d2f535957391bac1e7ae0c421547f3dd4,mmCIF,data_5HAC,structures,OFFICIAL_DOWNLOAD,PCNA reference structure,Not adopted for training — experimental structure only,ACQUIRED
RCSB PDB 1IZ4 metadata,https://www.rcsb.org/structure/1IZ4,2026-05-27T18:53:33Z,Public Domain (wwPDB open access),data\raw_intake\rcsb_pdb\1IZ4_metadata.json,17.3 KB,549bfe1a26b859ec01314b83264d8b4cfb0a6fc3c87e0b243f8f83d5af54f368,JSON (RCSB REST API),"method=X-ray, resolution=2.0Å, organism=Pyrococcus furiosus, chains=1, nonpoly=0, ligands=[]",structures|metadata,OFFICIAL_API,PCNA structure inventory,,ACQUIRED
RCSB PDB 1IZ4 mmCIF,https://files.rcsb.org/download/1IZ4.cif,2026-05-27T18:53:33Z,Public Domain (wwPDB open access),data\raw_intake\rcsb_pdb\1IZ4.cif,231.4 KB,e14dd1763bed723e60ad42866e9235ea3b5939bcbec21d65c3b5badb460e5c6c,mmCIF,data_1IZ4,structures,OFFICIAL_DOWNLOAD,PCNA reference structure,Not adopted for training — experimental structure only,ACQUIRED
RCSB PDB 2IO4 metadata,https://www.rcsb.org/structure/2IO4,2026-05-27T18:53:33Z,Public Domain (wwPDB open access),data\raw_intake\rcsb_pdb\2IO4_metadata.json,25.7 KB,51b9da410fd5973ab8ab7513ad9a360dad73cd176d3ff7800e18c484bb486369,JSON (RCSB REST API),"method=X-ray, resolution=2.6Å, organism=Sulfolobus solfataricus, chains=2, nonpoly=2, ligands=[]",structures|metadata,OFFICIAL_API,PCNA structure inventory,,ACQUIRED
RCSB PDB 2IO4 mmCIF,https://files.rcsb.org/download/2IO4.cif,2026-05-27T18:53:33Z,Public Domain (wwPDB open access),data\raw_intake\rcsb_pdb\2IO4.cif,843.8 KB,3c36e22368115985e74ff36c5d7b12b19ca2c31d803eee98548786772eab120e,mmCIF,data_2IO4,structures,OFFICIAL_DOWNLOAD,PCNA reference structure,Not adopted for training — experimental structure only,ACQUIRED
RCSB PDB 1RXM metadata,https://www.rcsb.org/structure/1RXM,2026-05-27T18:53:33Z,Public Domain (wwPDB open access),data\raw_intake\rcsb_pdb\1RXM_metadata.json,15.6 KB,4ac7c572669af7ce6c3db750309ad677cae86c1e9f3f8e9851227ee4647147ff,JSON (RCSB REST API),"method=X-ray, resolution=2.8Å, organism=Archaeoglobus fulgidus, chains=2, nonpoly=0, ligands=[]",structures|metadata,OFFICIAL_API,PCNA structure inventory,,ACQUIRED
RCSB PDB 1RXM mmCIF,https://files.rcsb.org/download/1RXM.cif,2026-05-27T18:53:33Z,Public Domain (wwPDB open access),data\raw_intake\rcsb_pdb\1RXM.cif,245.6 KB,247763eab40e1882f4a335339fbc49955ad481b8364f072e83752600ff14cb0d,mmCIF,data_1RXM,structures,OFFICIAL_DOWNLOAD,PCNA reference structure,Not adopted for training — experimental structure only,ACQUIRED
RCSB PDB 2IJX metadata,https://www.rcsb.org/structure/2IJX,2026-05-27T18:53:33Z,Public Domain (wwPDB open access),data\raw_intake\rcsb_pdb\2IJX_metadata.json,22.5 KB,a961a6aae6c772e8cdd9a6f1e5d363e91abc111f9ad0c5afbd4cad933481c107,JSON (RCSB REST API),"method=X-ray, resolution=1.9Å, organism=Sulfolobus solfataricus, chains=1, nonpoly=1, ligands=[]",structures|metadata,OFFICIAL_API,PCNA structure inventory,,ACQUIRED
RCSB PDB 2IJX mmCIF,https://files.rcsb.org/download/2IJX.cif,2026-05-27T18:53:33Z,Public Domain (wwPDB open access),data\raw_intake\rcsb_pdb\2IJX.cif,907.2 KB,df8819dd9a833954188ac77d056593d0b8cf11098a082baccd67a6286a04ccef,mmCIF,data_2IJX,structures,OFFICIAL_DOWNLOAD,PCNA reference structure,Not adopted for training — experimental structure only,ACQUIRED
RCSB PDB 5H0T metadata,https://www.rcsb.org/structure/5H0T,2026-05-27T18:53:33Z,Public Domain (wwPDB open access),data\raw_intake\rcsb_pdb\5H0T_metadata.json,23.9 KB,7dbfaedae11fa4180c76519b4748c00c080565ab6e933916dfdb25c264399d96,JSON (RCSB REST API),"method=X-ray, resolution=2.73Å, organism=Leishmania donovani, chains=1, nonpoly=1, ligands=[]",structures|metadata,OFFICIAL_API,PCNA structure inventory,,ACQUIRED
RCSB PDB 5H0T mmCIF,https://files.rcsb.org/download/5H0T.cif,2026-05-27T18:53:33Z,Public Domain (wwPDB open access),data\raw_intake\rcsb_pdb\5H0T.cif,1.24 MB,aae817e46f28f88edc0c19ab7f7edbcfe3772322c69b0c4106ff1053457dc1ed,mmCIF,data_5H0T,structures,OFFICIAL_DOWNLOAD,PCNA reference structure,Not adopted for training — experimental structure only,ACQUIRED
RCSB PDB 5CFK metadata,https://www.rcsb.org/structure/5CFK,2026-05-27T18:53:33Z,Public Domain (wwPDB open access),data\raw_intake\rcsb_pdb\5CFK_metadata.json,18.9 KB,9c6fb394ad16fce1c380ad4baf82f05be8990274a9fdeb3c902f49710f3a9928,JSON (RCSB REST API),"method=X-ray, resolution=3.2Å, organism=Leishmania donovani, chains=1, nonpoly=0, ligands=[]",structures|metadata,OFFICIAL_API,PCNA structure inventory,,ACQUIRED
RCSB PDB 5CFK mmCIF,https://files.rcsb.org/download/5CFK.cif,2026-05-27T18:53:33Z,Public Domain (wwPDB open access),data\raw_intake\rcsb_pdb\5CFK.cif,1.22 MB,f7040771feda29e5a157e051727b3b565cefc807a33ac21bae3f623bac9390e1,mmCIF,data_5CFK,structures,OFFICIAL_DOWNLOAD,PCNA reference structure,Not adopted for training — experimental structure only,ACQUIRED
BioLiP page: biolip_home.html,https://zhanggroup.org/BioLiP/,2026-05-27T18:53:33Z,Free for academic use (Zhang Lab),data\raw_intake\biolip\biolip_home.html,30.1 KB,9e78a4aa2def69cfbb94153adf00d7c52909eac7635bf04a4e3af69021b1e5ca,HTML,Download links found: [],metadata,OFFICIAL_PAGE,BioLiP ligand-binding residue annotation discovery,"BioLiP labels = ligand-contact residues, NOT cryptic pocket ground truth. Do not use as direct cryptic-pocket supervision without filtering.",ACQUIRED
scPDB page: scpdb_home.html,http://bioinfo-pharma.u-strasbg.fr/scPDB/,2026-05-27T18:53:33Z,Free for academic use (Strasbourg),data\raw_intake\scpdb\scpdb_home.html,6.0 KB,efbb541cb736cb159efe0628db25235478e71355d0c933d57233fe12cfccd1bc,HTML,Entry count hint: 16034 entries,metadata,OFFICIAL_PAGE,scPDB druggable binding site annotation discovery,"scPDB labels = druggable binding sites (proxy, not cryptic-pocket truth). Full archive not downloaded — check license before bulk download.",ACQUIRED
ASD page: asd_home.html,http://mdl.shsmu.edu.cn/ASD/,2026-05-27T18:53:33Z,UNKNOWN — check asd.bidd2.com/about,data\raw_intake\asd\asd_home.html,20.9 KB,612d007d54e967c9038a240bae069aab04933377fcdfbab57b35ef2f98562c7c,HTML,ASD Home Search Advanced HOME MOLECULES PROTEIN MODULATOR FEATURES ALLO-HITtoLEAD ALLO-PPI DUALSTERIC-MODULATORS ALLOSITE-POTENTIAL ALLOSTEROME ALLO-MUTATION ALLO-DRUG ALLO-NETWORK SITE PATHWAY TOOLS ,metadata,OFFICIAL_PAGE,Allosteric site/modulator context for PCNA,ASD is allosteric context only. Not residue-level cryptic-pocket labels unless schema explicitly supports it. Download requires manual license review.,ACQUIRED
ASD page: asd_download.html,http://mdl.shsmu.edu.cn/ASD/module/download/download.jsp,2026-05-27T18:53:33Z,UNKNOWN — check asd.bidd2.com/about,data\raw_intake\asd\asd_download.html,8.4 KB,1269f05e48e7dcc4de7ec1e5ab233ef98cdc5e4a105bf06775e4d8855a2bc3f1,HTML,ASD Download Search Advanced HOME MOLECULES PROTEIN MODULATOR FEATURES ALLO-HITtoLEAD ALLO-PPI DUALSTERIC-MODULATORS ALLOSITE-POTENTIAL ALLOSTEROME ALLO-MUTATION ALLO-DRUG ALLO-NETWORK SITE PATHWAY TO,metadata,OFFICIAL_PAGE,Allosteric site/modulator context for PCNA,ASD is allosteric context only. Not residue-level cryptic-pocket labels unless schema explicitly supports it. Download requires manual license review.,ACQUIRED
PocketMiner PubMed abstract,https://pubmed.ncbi.nlm.nih.gov,2026-05-27T18:53:33Z,UNKNOWN,data\raw_intake\pocketminer\pocketminer_pubmed_abstract.txt,9.3 KB,527a7382c80d88d83b7133412367e0253c557b438a7ab4613c45e66709598394,Text,,literature_metadata,OFFICIAL_API,PocketMiner paper metadata for citation,,ACQUIRED
fpocket GitHub releases,https://github.com/Discngine/fpocket,2026-05-27T18:53:33Z,MIT/Apache — check per repo,data\raw_intake\baseline_tools\fpocket\releases.json,7.4 KB,81c3123074688125567c732fa5e848578dc2203f53d716bb33c4e985fc7c3b5a,JSON,,code|metadata,OFFICIAL_REPO,Voronoi-based open-cavity pocket detector; mandatory baseline,Output: pocket_X.pqr + .pdb files; residue-level scores via pocket_atoms columns. C binary — must compile on Linux/WSL.,ACQUIRED
fpocket README,https://raw.githubusercontent.com/Discngine/fpocket/main/README.md,2026-05-27T18:53:33Z,CHECK_REPO,data\raw_intake\baseline_tools\fpocket\README.md,7.5 KB,68a5fcf00fe341d7b6c71c3a2d430c7fbc287777db5c111a2a70669226020ca0,Markdown,,metadata|code,OFFICIAL_REPO,Voronoi-based open-cavity pocket detector; mandatory baseline,Output: pocket_X.pqr + .pdb files; residue-level scores via pocket_atoms columns. C binary — must compile on Linux/WSL.,ACQUIRED
P2Rank GitHub releases,https://github.com/rdk/p2rank,2026-05-27T18:53:33Z,MIT/Apache — check per repo,data\raw_intake\baseline_tools\p2rank\releases.json,17.8 KB,7d202ef36b7ab60aa0b57d5aaad82eb90c72d9bd9b83b2a4b47145b65c08773d,JSON,,code|metadata,OFFICIAL_REPO,ML-based binding site prediction; second mandatory baseline,"Output: CSV with residue-level scores. JVM-based — requires Java 11+. Output: predictions.csv with columns: rank, score, probability, sas_points, surf_atom_ids.",ACQUIRED
P2Rank README,https://raw.githubusercontent.com/rdk/p2rank/main/README.md,2026-05-27T18:53:33Z,CHECK_REPO,data\raw_intake\baseline_tools\p2rank\README.md,14.8 KB,f56aecb63bec5895b9c2308f74df0ab567563c424b4604cb5b42d07d2aa05fab,Markdown,,metadata|code,OFFICIAL_REPO,ML-based binding site prediction; second mandatory baseline,"Output: CSV with residue-level scores. JVM-based — requires Java 11+. Output: predictions.csv with columns: rank, score, probability, sas_points, surf_atom_ids.",ACQUIRED
PDBbind: pdbbind_home.html,http://www.pdbbind.org.cn,2026-05-27T18:53:33Z,RESTRICTED — registration required for download,data\raw_intake\pdbbind\pdbbind_home.html,218.1 KB,dd9bd52f44033557ab14569552bba11dfb187172171e30684adc3da81e247eb4,HTML,,metadata,OFFICIAL_PAGE,Protein-ligand affinity context only. NOT cryptic-pocket ground truth.,PDBbind requires registration. Do NOT adopt as cryptic-pocket labels. LP-PDBBind (leakage-aware split) preferred for affinity auxiliary task.,ACQUIRED
LP-PDBBind GitHub search,https://github.com/search?q=LP-PDBBind,2026-05-27T18:53:33Z,UNKNOWN,data\raw_intake\pdbbind\lp_pdbbind_github_search.json,72 B,53895997f5e07566d90a3f34b7fbb880fb1acf32d885aa31fbb268a6d7769d2a,JSON,,metadata,OFFICIAL_API,LP-PDBBind leakage-aware split reference for data hygiene,"Use LP-PDBBind split methodology, not labels, for cryptic-pocket splits",ACQUIRED
AlphaFold P15531 (PCNA_HUMAN) CIF,https://alphafold.ebi.ac.uk/entry/P15531,2026-05-27T18:53:33Z,CC BY 4.0,data\raw_intake\alphafold\AF_P15531_PCNA_HUMAN.cif,152.7 KB,4eab0679af9b60a442d47c869c5f1c42b6fce228803f2378ca342129f894b91c,mmCIF (predicted),data_AF-P15531-F1,structures|metadata,OFFICIAL_DOWNLOAD,PCNA predicted structure for structural context only,"PREDICTED structure. pLDDT confidence must be checked. NOT experimental evidence. Use only when experimental PDB unavailable. pLDDT=97.44, model version=6",ACQUIRED
AlphaFold P15531 (PCNA_HUMAN) API metadata,https://alphafold.ebi.ac.uk/api/prediction/P15531,2026-05-27T18:53:33Z,CC BY 4.0,data\raw_intake\alphafold\AF_P15531_PCNA_HUMAN_api.json,4.5 KB,6cfd164a07258c7d163d176da245228ac14e8eaa322add30630ad324844264a3,JSON,,metadata,OFFICIAL_API,AlphaFold PCNA metadata,Predicted structure context only,ACQUIRED
AlphaFold P12004 (PCNA_MOUSE) CIF,https://alphafold.ebi.ac.uk/entry/P12004,2026-05-27T18:53:33Z,CC BY 4.0,data\raw_intake\alphafold\AF_P12004_PCNA_MOUSE.cif,244.9 KB,cd62288975867475d1e6c10279b3eac025794bb8e5ddc89cbf4610b3a4de6f01,mmCIF (predicted),data_AF-P12004-F1,structures|metadata,OFFICIAL_DOWNLOAD,PCNA predicted structure for structural context only,"PREDICTED structure. pLDDT confidence must be checked. NOT experimental evidence. Use only when experimental PDB unavailable. pLDDT=94.31, model version=6",ACQUIRED
AlphaFold P12004 (PCNA_MOUSE) API metadata,https://alphafold.ebi.ac.uk/api/prediction/P12004,2026-05-27T18:53:33Z,CC BY 4.0,data\raw_intake\alphafold\AF_P12004_PCNA_MOUSE_api.json,2.6 KB,b7281207729e246f8c5f614a46fcc9c99a05061a5c16d7cf0496797438ac8a88,JSON,,metadata,OFFICIAL_API,AlphaFold PCNA metadata,Predicted structure context only,ACQUIRED
AlphaFold P04448 (PCNA_YEAST) CIF,https://alphafold.ebi.ac.uk/entry/P04448,2026-05-27T18:53:33Z,CC BY 4.0,data\raw_intake\alphafold\AF_P04448_PCNA_YEAST.cif,173.1 KB,4dd217da965f14922a96bdb45f1a480245d052e8b2c4f7e8e08ae1b02806e56e,mmCIF (predicted),data_AF-P04448-F1,structures|metadata,OFFICIAL_DOWNLOAD,PCNA predicted structure for structural context only,"PREDICTED structure. pLDDT confidence must be checked. NOT experimental evidence. Use only when experimental PDB unavailable. pLDDT=91.19, model version=6",ACQUIRED
AlphaFold P04448 (PCNA_YEAST) API metadata,https://alphafold.ebi.ac.uk/api/prediction/P04448,2026-05-27T18:53:33Z,CC BY 4.0,data\raw_intake\alphafold\AF_P04448_PCNA_YEAST_api.json,2.2 KB,1be5f50698dd78000019e3c2622235c1c8355409b8e6126d9ad34ef7d8b379fe,JSON,,metadata,OFFICIAL_API,AlphaFold PCNA metadata,Predicted structure context only,ACQUIRED
STRING PCNA network,https://string-db.org,2026-05-27T18:53:33Z,CC BY 4.0,data\raw_intake\string\pcna_string_network.json,362.3 KB,d186acbecc223811aa5d5b02b9bf766ebfb229507545ce33df6bd21e90ea7155,JSON,"fields from STRING API: stringId_A, stringId_B, score, experiments",metadata,OFFICIAL_API,PCNA functional/physical interaction context,STRING includes functional/co-expression associations. Use only physical sub-network for structural context. NOT pocket labels.,ACQUIRED
STRING PCNA enrichment,https://string-db.org,2026-05-27T18:53:33Z,CC BY 4.0,data\raw_intake\string\pcna_string_enrichment.json,1.02 MB,cef1fa9b55fc07a774acfdeb1b0e5647450e2bbf334abdcac204f5ae437331a5,JSON,"fields from STRING API: stringId_A, stringId_B, score, experiments",metadata,OFFICIAL_API,PCNA functional/physical interaction context,STRING includes functional/co-expression associations. Use only physical sub-network for structural context. NOT pocket labels.,ACQUIRED
STRING PCNA partners,https://string-db.org,2026-05-27T18:53:33Z,CC BY 4.0,data\raw_intake\string\pcna_string_partners.json,33.9 KB,8130c19088bd0d4d36199080940cc676498a7df064b2b359f3d00cc90d4bf875,JSON,"fields from STRING API: stringId_A, stringId_B, score, experiments",metadata,OFFICIAL_API,PCNA functional/physical interaction context,STRING includes functional/co-expression associations. Use only physical sub-network for structural context. NOT pocket labels.,ACQUIRED
PubMed abstracts: aoh1996,https://pubmed.ncbi.nlm.nih.gov/?term=AOH1996%20PCNA%20inhibitor,2026-05-27T18:53:33Z,NLM open access — abstracts only,data\raw_intake\literature_metadata\pm_aoh1996.txt,36.6 KB,b05a221f8ccbf334894b09c4b8cae752bac56dc882164e8519d9a9ad0f8c7511,Text,,literature_metadata,OFFICIAL_API,Literature metadata for topic: aoh1996,Abstracts only. Full text not downloaded.,ACQUIRED
PubMed abstracts: pocketminer,https://pubmed.ncbi.nlm.nih.gov/?term=PocketMiner%20pocket%20prediction,2026-05-27T18:53:33Z,NLM open access — abstracts only,data\raw_intake\literature_metadata\pm_pocketminer.txt,6.9 KB,8b50bd8aff876af046dcdb8eeb02f96c32e69aae46c5d94387564e96cfc94a2b,Text,,literature_metadata,OFFICIAL_API,Literature metadata for topic: pocketminer,Abstracts only. Full text not downloaded.,ACQUIRED
PubMed abstracts: biolip,https://pubmed.ncbi.nlm.nih.gov/?term=BioLiP%20ligand%20binding%20residue%20database,2026-05-27T18:53:33Z,NLM open access — abstracts only,data\raw_intake\literature_metadata\pm_biolip.txt,10.4 KB,c3bcc19a0af2c6a0b07991ef26cf9aac338530b421275591f98659ec0b1e34f4,Text,,literature_metadata,OFFICIAL_API,Literature metadata for topic: biolip,Abstracts only. Full text not downloaded.,ACQUIRED
PubMed abstracts: fpocket,https://pubmed.ncbi.nlm.nih.gov/?term=fpocket%20Voronoi%20pocket%20detection,2026-05-27T18:53:33Z,NLM open access — abstracts only,data\raw_intake\literature_metadata\pm_fpocket.txt,2.3 KB,9786cf3af3c14212084af0d7901779eaa21b19813cf5d39a7d9c52a35ba63d57,Text,,literature_metadata,OFFICIAL_API,Literature metadata for topic: fpocket,Abstracts only. Full text not downloaded.,ACQUIRED
PubMed abstracts: lp_pdbbind,https://pubmed.ncbi.nlm.nih.gov/?term=LP-PDBBind%20leakage%20protein-ligand%20split,2026-05-27T18:53:33Z,NLM open access — abstracts only,data\raw_intake\literature_metadata\pm_lp_pdbbind.txt,4.0 KB,0227c54b48204c375aae5dee27e2e5108489412ff2d0543d96a51cc6717026f9,Text,,literature_metadata,OFFICIAL_API,Literature metadata for topic: lp_pdbbind,Abstracts only. Full text not downloaded.,ACQUIRED
PubMed abstracts: deeppocket,https://pubmed.ncbi.nlm.nih.gov/?term=DeepPocket%20deep%20learning%20pocket,2026-05-27T18:53:33Z,NLM open access — abstracts only,data\raw_intake\literature_metadata\pm_deeppocket.txt,4.3 KB,b17db3aa67d6ed868e161380fc60c1fb465df4a6ecf3a1e577cc1ed4e72b032b,Text,,literature_metadata,OFFICIAL_API,Literature metadata for topic: deeppocket,Abstracts only. Full text not downloaded.,ACQUIRED
PubMed abstracts: equipocket,https://pubmed.ncbi.nlm.nih.gov/?term=EquiPocket%20equivariant%20pocket%20prediction,2026-05-27T18:53:33Z,NLM open access — abstracts only,data\raw_intake\literature_metadata\pm_equipocket.txt,43.0 KB,c7a221086443e2e56d749675a24f97e11360d57c65f98e515bedb39f925fa813,Text,,literature_metadata,OFFICIAL_API,Literature metadata for topic: equipocket,Abstracts only. Full text not downloaded.,ACQUIRED
PubMed abstracts: leakage,https://pubmed.ncbi.nlm.nih.gov/?term=dataset%20leakage%20protein%20structure%20benchmark,2026-05-27T18:53:33Z,NLM open access — abstracts only,data\raw_intake\literature_metadata\pm_leakage.txt,15.7 KB,4cd4da6ea4643d48d1dc15f3621027ccf96fbe4f463a18ed2115fb5a4333a2b5,Text,,literature_metadata,OFFICIAL_API,Literature metadata for topic: leakage,Abstracts only. Full text not downloaded.,ACQUIRED
PubMed abstracts: allosteric_review,https://pubmed.ncbi.nlm.nih.gov/?term=allosteric%20site%20detection%20review,2026-05-27T18:53:33Z,NLM open access — abstracts only,data\raw_intake\literature_metadata\pm_allosteric_review.txt,52.9 KB,3465cad045934d4f42c145aca3bfc3ded56dab2d506ad49f277029b9ad70f667,Text,,literature_metadata,OFFICIAL_API,Literature metadata for topic: allosteric_review,Abstracts only. Full text not downloaded.,ACQUIRED
PubMed abstracts: pcna_review,https://pubmed.ncbi.nlm.nih.gov/?term=PCNA%20ring%20sliding%20clamp%20DNA%20replication%20review,2026-05-27T18:53:33Z,NLM open access — abstracts only,data\raw_intake\literature_metadata\pm_pcna_review.txt,24.2 KB,e65c581b378b32982e3715f57d48fbc05595666bd1ff783e1ba4ae504229376a,Text,,literature_metadata,OFFICIAL_API,Literature metadata for topic: pcna_review,Abstracts only. Full text not downloaded.,ACQUIRED
Seed context relevant papers (from round_00_seed.json),local:context/round_00_seed.json,2026-05-27T18:53:33Z,various,data\raw_intake\literature_metadata\seed_relevant_papers.json,437.0 KB,29c792c1faaa1047eee2bba72339ff036568e7e80310cb12b314c148e13d7e27,JSON,,literature_metadata,CRAWL_LEAD,Literature leads for manual review,These are crawl-derived leads only. Verify each before citing.,ACQUIRED
