chain,resid,resname,score,cluster
A,1,MET,0.0278,-1
A,2,PHE,0.0268,-1
A,3,GLU,0.0268,-1
A,4,ALA,0.0271,-1
A,5,ARG,0.0276,-1
A,6,LEU,0.0285,-1
A,7,VAL,0.0290,-1
A,8,GLN,0.0273,-1
A,9,GLY,0.0267,-1
A,10,SER,0.0256,-1
A,11,ILE,0.0248,-1
A,12,LEU,0.0247,-1
A,13,LYS,0.0245,-1
A,14,LYS,0.0245,-1
A,15,VAL,0.0248,-1
A,16,LEU,0.0252,-1
A,17,GLU,0.0263,-1
A,18,ALA,0.0289,-1
A,19,LEU,0.0350,-1
A,20,LYS,0.0398,-1
A,21,ASP,0.0480,-1
A,22,LEU,0.0897,-1
A,23,ILE,0.5142,0
A,24,ASN,0.3343,-1
A,25,GLU,0.7446,0
A,26,ALA,0.8507,0
A,27,CYS,0.8597,0
A,28,TRP,0.0810,-1
A,29,ASP,0.0434,-1
A,30,ILE,0.0303,-1
A,31,SER,0.0295,-1
A,32,SER,0.0294,-1
A,33,SER,0.0291,-1
A,34,GLY,0.0289,-1
A,35,VAL,0.0305,-1
A,36,ASN,0.0394,-1
A,37,LEU,0.1057,-1
A,38,GLN,0.8580,0
A,39,SER,0.8482,0
A,40,MET,0.8201,0
A,41,ASP,0.7923,0
A,42,SER,0.7465,0
A,43,SER,0.7423,0
A,44,HIS,0.7776,0
A,45,VAL,0.8143,0
A,46,SER,0.8387,0
A,47,LEU,0.8249,0
A,48,VAL,0.2476,-1
A,49,GLN,0.0803,-1
A,50,LEU,0.0472,-1
A,51,THR,0.0329,-1
A,52,LEU,0.0303,-1
A,53,ARG,0.0286,-1
A,54,SER,0.0282,-1
A,55,GLU,0.0270,-1
A,56,GLY,0.0261,-1
A,57,PHE,0.0263,-1
A,58,ASP,0.0261,-1
A,59,THR,0.0265,-1
A,60,TYR,0.0266,-1
A,61,ARG,0.0272,-1
A,62,CYS,0.0280,-1
A,63,ASP,0.0284,-1
A,64,ARG,0.0290,-1
A,65,ASN,0.0296,-1
A,66,LEU,0.0316,-1
A,67,ALA,0.0400,-1
A,68,MET,0.0383,-1
A,69,GLY,0.0552,-1
A,70,VAL,0.0345,-1
A,71,ASN,0.0322,-1
A,72,LEU,0.0310,-1
A,73,THR,0.0266,-1
A,74,SER,0.0251,-1
A,75,MET,0.0260,-1
A,76,SER,0.0252,-1
A,77,LYS,0.0257,-1
A,78,ILE,0.0264,-1
A,79,LEU,0.0265,-1
A,80,LYS,0.0260,-1
A,81,CYS,0.0266,-1
A,82,ALA,0.0281,-1
A,83,GLY,0.0279,-1
A,84,ASN,0.0277,-1
A,85,GLU,0.0273,-1
A,86,ASP,0.0269,-1
A,87,ILE,0.0274,-1
A,88,ILE,0.0276,-1
A,89,THR,0.0285,-1
A,90,LEU,0.0291,-1
A,91,ARG,0.0283,-1
A,92,ALA,0.0292,-1
A,93,GLU,0.0289,-1
A,94,ASP,0.0298,-1
A,95,ASN,0.0310,-1
A,96,ALA,0.0314,-1
A,97,ASP,0.0314,-1
A,98,THR,0.0308,-1
A,99,LEU,0.0311,-1
A,100,ALA,0.0311,-1
A,101,LEU,0.0333,-1
A,102,VAL,0.0346,-1
A,103,PHE,0.0420,-1
A,104,GLU,0.0464,-1
A,105,ALA,0.0602,-1
A,106,PRO,0.0441,-1
A,107,ASN,0.0400,-1
A,108,GLN,0.0303,-1
A,109,GLU,0.0293,-1
A,110,LYS,0.0281,-1
A,111,VAL,0.0286,-1
A,112,SER,0.0276,-1
A,113,ASP,0.0279,-1
A,114,TYR,0.0280,-1
A,115,GLU,0.0310,-1
A,116,MET,0.0334,-1
A,117,LYS,0.0419,-1
A,118,LEU,0.0616,-1
A,119,MET,0.1121,-1
A,120,ASP,0.3005,-1
A,121,LEU,0.6945,1
A,122,ASP,0.8065,1
A,123,VAL,0.8475,1
A,124,GLU,0.8470,1
A,125,GLN,0.8602,1
A,126,LEU,0.8565,1
A,127,GLY,0.8365,1
A,128,ILE,0.8117,1
A,129,PRO,0.3561,-1
A,130,GLU,0.1354,-1
A,131,GLN,0.0835,-1
A,132,GLU,0.0487,-1
A,133,TYR,0.0355,-1
A,134,SER,0.0322,-1
A,135,CYS,0.0322,-1
A,136,VAL,0.0303,-1
A,137,VAL,0.0298,-1
A,138,LYS,0.0290,-1
A,139,MET,0.0300,-1
A,140,PRO,0.0285,-1
A,141,SER,0.0275,-1
A,142,GLY,0.0266,-1
A,143,GLU,0.0261,-1
A,144,PHE,0.0260,-1
A,145,ALA,0.0249,-1
A,146,ARG,0.0247,-1
A,147,ILE,0.0248,-1
A,148,CYS,0.0244,-1
A,149,ARG,0.0244,-1
A,150,ASP,0.0247,-1
A,151,LEU,0.0251,-1
A,152,SER,0.0254,-1
A,153,HIS,0.0271,-1
A,154,ILE,0.0292,-1
A,155,GLY,0.0355,-1
A,156,ASP,0.0377,-1
A,157,ALA,0.0459,-1
A,158,VAL,0.0501,-1
A,159,VAL,0.0473,-1
A,160,ILE,0.0395,-1
A,161,SER,0.0341,-1
A,162,CYS,0.0337,-1
A,163,ALA,0.0329,-1
A,164,LYS,0.0331,-1
A,165,ASP,0.0321,-1
A,166,GLY,0.0311,-1
A,167,VAL,0.0308,-1
A,168,LYS,0.0298,-1
A,169,PHE,0.0300,-1
A,170,SER,0.0313,-1
A,171,ALA,0.0402,-1
A,172,SER,0.0421,-1
A,173,GLY,0.0531,-1
A,174,GLU,0.0505,-1
A,175,LEU,0.0523,-1
A,176,GLY,0.0441,-1
A,177,ASN,0.0381,-1
A,178,GLY,0.0318,-1
A,179,ASN,0.0282,-1
A,180,ILE,0.0269,-1
A,181,LYS,0.0269,-1
A,182,LEU,0.0277,-1
A,183,SER,0.0281,-1
A,184,GLN,0.0289,-1
A,185,THR,0.0294,-1
A,190,LYS,0.0303,-1
A,191,GLU,0.0308,-1
A,192,GLU,0.0311,-1
A,193,GLU,0.0297,-1
A,194,ALA,0.0307,-1
A,195,VAL,0.0300,-1
A,196,THR,0.0301,-1
A,197,ILE,0.0293,-1
A,198,GLU,0.0293,-1
A,199,MET,0.0304,-1
A,200,ASN,0.0316,-1
A,201,GLU,0.0318,-1
A,202,PRO,0.0314,-1
A,203,VAL,0.0351,-1
A,204,GLN,0.0319,-1
A,205,LEU,0.0386,-1
A,206,THR,0.0350,-1
A,207,PHE,0.0368,-1
A,208,ALA,0.0291,-1
A,209,LEU,0.0261,-1
A,210,ARG,0.0256,-1
A,211,TYR,0.0299,-1
A,212,LEU,0.0255,-1
A,213,ASN,0.0250,-1
A,214,PHE,0.0250,-1
A,215,PHE,0.0254,-1
A,216,THR,0.0257,-1
A,217,LYS,0.0253,-1
A,218,ALA,0.0269,-1
A,219,THR,0.0291,-1
A,220,PRO,0.0291,-1
A,221,LEU,0.0300,-1
A,222,SER,0.0302,-1
A,223,SER,0.0305,-1
A,224,THR,0.0306,-1
A,225,VAL,0.0306,-1
A,226,THR,0.0328,-1
A,227,LEU,0.0414,-1
A,228,SER,0.0516,-1
A,229,MET,0.1543,-1
A,230,SER,0.4659,0
A,231,ALA,0.8695,0
A,232,ASP,0.9299,0
A,233,VAL,0.9289,0
A,234,PRO,0.9232,0
A,235,LEU,0.3762,-1
A,236,VAL,0.0884,-1
A,237,VAL,0.0393,-1
A,238,GLU,0.0308,-1
A,239,TYR,0.0279,-1
A,240,LYS,0.0286,-1
A,241,ILE,0.0292,-1
A,242,ALA,0.0315,-1
A,243,ASP,0.0317,-1
A,244,MET,0.0316,-1
A,245,GLY,0.0317,-1
A,246,HIS,0.0327,-1
A,247,LEU,0.0402,-1
A,248,LYS,0.0570,-1
A,249,TYR,0.1833,-1
A,250,TYR,0.8575,0
A,251,LEU,0.8789,0
A,252,ALA,0.8947,0
A,253,PRO,0.7971,0
A,254,LYS,0.5916,0
A,255,ILE,0.5996,0
A,256,GLU,0.5916,0
C,1,MET,0.0284,-1
C,2,PHE,0.0273,-1
C,3,GLU,0.0270,-1
C,4,ALA,0.0272,-1
C,5,ARG,0.0273,-1
C,6,LEU,0.0282,-1
C,7,VAL,0.0286,-1
C,8,GLN,0.0271,-1
C,9,GLY,0.0266,-1
C,10,SER,0.0256,-1
C,11,ILE,0.0251,-1
C,12,LEU,0.0250,-1
C,13,LYS,0.0248,-1
C,14,LYS,0.0248,-1
C,15,VAL,0.0252,-1
C,16,LEU,0.0259,-1
C,17,GLU,0.0273,-1
C,18,ALA,0.0314,-1
C,19,LEU,0.0406,-1
C,20,LYS,0.0496,-1
C,21,ASP,0.0686,-1
C,22,LEU,0.1586,-1
C,23,ILE,0.7408,2
C,24,ASN,0.4949,2
C,25,GLU,0.7715,2
C,26,ALA,0.8635,2
C,27,CYS,0.8624,2
C,28,TRP,0.0832,-1
C,29,ASP,0.0430,-1
C,30,ILE,0.0306,-1
C,31,SER,0.0294,-1
C,32,SER,0.0293,-1
C,33,SER,0.0289,-1
C,34,GLY,0.0288,-1
C,35,VAL,0.0303,-1
C,36,ASN,0.0392,-1
C,37,LEU,0.1053,-1
C,38,GLN,0.8683,2
C,39,SER,0.8781,2
C,40,MET,0.8332,2
C,41,ASP,0.8121,2
C,42,SER,0.7685,2
C,43,SER,0.7587,2
C,44,HIS,0.7892,2
C,45,VAL,0.8114,2
C,46,SER,0.8274,2
C,47,LEU,0.8164,2
C,48,VAL,0.2591,-1
C,49,GLN,0.0809,-1
C,50,LEU,0.0465,-1
C,51,THR,0.0328,-1
C,52,LEU,0.0301,-1
C,53,ARG,0.0285,-1
C,54,SER,0.0281,-1
C,55,GLU,0.0270,-1
C,56,GLY,0.0262,-1
C,57,PHE,0.0262,-1
C,58,ASP,0.0259,-1
C,59,THR,0.0262,-1
C,60,TYR,0.0263,-1
C,61,ARG,0.0269,-1
C,62,CYS,0.0278,-1
C,63,ASP,0.0281,-1
C,64,ARG,0.0287,-1
C,65,ASN,0.0295,-1
C,66,LEU,0.0319,-1
C,67,ALA,0.0392,-1
C,68,MET,0.0366,-1
C,69,GLY,0.0547,-1
C,70,VAL,0.0347,-1
C,71,ASN,0.0332,-1
C,72,LEU,0.0319,-1
C,73,THR,0.0274,-1
C,74,SER,0.0254,-1
C,75,MET,0.0265,-1
C,76,SER,0.0258,-1
C,77,LYS,0.0263,-1
C,78,ILE,0.0270,-1
C,79,LEU,0.0269,-1
C,80,LYS,0.0263,-1
C,81,CYS,0.0269,-1
C,82,ALA,0.0278,-1
C,83,GLY,0.0276,-1
C,84,ASN,0.0273,-1
C,85,GLU,0.0271,-1
C,86,ASP,0.0269,-1
C,87,ILE,0.0277,-1
C,88,ILE,0.0280,-1
C,89,THR,0.0288,-1
C,90,LEU,0.0296,-1
C,91,ARG,0.0285,-1
C,92,ALA,0.0297,-1
C,93,GLU,0.0294,-1
C,94,ASP,0.0305,-1
C,95,ASN,0.0317,-1
C,96,ALA,0.0323,-1
C,97,ASP,0.0328,-1
C,98,THR,0.0320,-1
C,99,LEU,0.0324,-1
C,100,ALA,0.0326,-1
C,101,LEU,0.0361,-1
C,102,VAL,0.0371,-1
C,103,PHE,0.0460,-1
C,104,GLU,0.0498,-1
C,105,ALA,0.0642,-1
C,106,PRO,0.0457,-1
C,107,ASN,0.0411,-1
C,108,GLN,0.0311,-1
C,109,GLU,0.0303,-1
C,110,LYS,0.0290,-1
C,111,VAL,0.0293,-1
C,112,SER,0.0287,-1
C,113,ASP,0.0292,-1
C,114,TYR,0.0296,-1
C,115,GLU,0.0327,-1
C,116,MET,0.0355,-1
C,117,LYS,0.0444,-1
C,118,LEU,0.0669,-1
C,119,MET,0.1330,-1
C,120,ASP,0.3454,-1
C,121,LEU,0.7386,3
C,122,ASP,0.8278,3
C,123,VAL,0.8722,3
C,124,GLU,0.8657,3
C,125,GLN,0.8790,3
C,126,LEU,0.8690,3
C,127,GLY,0.8525,3
C,128,ILE,0.8268,3
C,129,PRO,0.3589,-1
C,130,GLU,0.1306,-1
C,131,GLN,0.0786,-1
C,132,GLU,0.0452,-1
C,133,TYR,0.0340,-1
C,134,SER,0.0309,-1
C,135,CYS,0.0310,-1
C,136,VAL,0.0300,-1
C,137,VAL,0.0299,-1
C,138,LYS,0.0289,-1
C,139,MET,0.0298,-1
C,140,PRO,0.0281,-1
C,141,SER,0.0271,-1
C,142,GLY,0.0264,-1
C,143,GLU,0.0258,-1
C,144,PHE,0.0259,-1
C,145,ALA,0.0250,-1
C,146,ARG,0.0246,-1
C,147,ILE,0.0248,-1
C,148,CYS,0.0245,-1
C,149,ARG,0.0244,-1
C,150,ASP,0.0246,-1
C,151,LEU,0.0254,-1
C,152,SER,0.0261,-1
C,153,HIS,0.0280,-1
C,154,ILE,0.0304,-1
C,155,GLY,0.0383,-1
C,156,ASP,0.0416,-1
C,157,ALA,0.0536,-1
C,158,VAL,0.0588,-1
C,159,VAL,0.0522,-1
C,160,ILE,0.0407,-1
C,161,SER,0.0334,-1
C,162,CYS,0.0326,-1
C,163,ALA,0.0317,-1
C,164,LYS,0.0317,-1
C,165,ASP,0.0311,-1
C,166,GLY,0.0304,-1
C,167,VAL,0.0303,-1
C,168,LYS,0.0295,-1
C,169,PHE,0.0303,-1
C,170,SER,0.0321,-1
C,171,ALA,0.0422,-1
C,172,SER,0.0456,-1
C,173,GLY,0.0591,-1
C,174,GLU,0.0570,-1
C,175,LEU,0.0591,-1
C,176,GLY,0.0498,-1
C,177,ASN,0.0418,-1
C,178,GLY,0.0338,-1
C,179,ASN,0.0282,-1
C,180,ILE,0.0269,-1
C,181,LYS,0.0272,-1
C,182,LEU,0.0295,-1
C,183,SER,0.0315,-1
C,184,GLN,0.0363,-1
C,185,THR,0.0392,-1
C,186,SER,0.0471,-1
C,187,ASN,0.0432,-1
C,192,GLU,0.0357,-1
C,193,GLU,0.0308,-1
C,194,ALA,0.0301,-1
C,195,VAL,0.0290,-1
C,196,THR,0.0290,-1
C,197,ILE,0.0285,-1
C,198,GLU,0.0288,-1
C,199,MET,0.0299,-1
C,200,ASN,0.0309,-1
C,201,GLU,0.0310,-1
C,202,PRO,0.0304,-1
C,203,VAL,0.0333,-1
C,204,GLN,0.0305,-1
C,205,LEU,0.0354,-1
C,206,THR,0.0326,-1
C,207,PHE,0.0340,-1
C,208,ALA,0.0284,-1
C,209,LEU,0.0263,-1
C,210,ARG,0.0260,-1
C,211,TYR,0.0289,-1
C,212,LEU,0.0261,-1
C,213,ASN,0.0257,-1
C,214,PHE,0.0257,-1
C,215,PHE,0.0258,-1
C,216,THR,0.0261,-1
C,217,LYS,0.0257,-1
C,218,ALA,0.0278,-1
C,219,THR,0.0303,-1
C,220,PRO,0.0305,-1
C,221,LEU,0.0318,-1
C,222,SER,0.0318,-1
C,223,SER,0.0322,-1
C,224,THR,0.0323,-1
C,225,VAL,0.0328,-1
C,226,THR,0.0344,-1
C,227,LEU,0.0437,-1
C,228,SER,0.0554,-1
C,229,MET,0.1778,-1
C,230,SER,0.4768,2
C,231,ALA,0.8514,2
C,232,ASP,0.9171,2
C,233,VAL,0.9144,2
C,234,PRO,0.9064,2
C,235,LEU,0.3341,-1
C,236,VAL,0.0802,-1
C,237,VAL,0.0375,-1
C,238,GLU,0.0297,-1
C,239,TYR,0.0276,-1
C,240,LYS,0.0281,-1
C,241,ILE,0.0285,-1
C,242,ALA,0.0305,-1
C,243,ASP,0.0310,-1
C,244,MET,0.0314,-1
C,245,GLY,0.0318,-1
C,246,HIS,0.0334,-1
C,247,LEU,0.0418,-1
C,248,LYS,0.0570,-1
C,249,TYR,0.1679,-1
C,250,TYR,0.8098,2
C,251,LEU,0.8245,2
C,252,ALA,0.8583,2
C,253,PRO,0.7212,2
C,254,LYS,0.4631,2
C,255,ILE,0.4551,2
C,256,GLU,0.4511,2
E,1,MET,0.0290,-1
E,2,PHE,0.0280,-1
E,3,GLU,0.0276,-1
E,4,ALA,0.0280,-1
E,5,ARG,0.0282,-1
E,6,LEU,0.0289,-1
E,7,VAL,0.0291,-1
E,8,GLN,0.0277,-1
E,9,GLY,0.0273,-1
E,10,SER,0.0263,-1
E,11,ILE,0.0258,-1
E,12,LEU,0.0258,-1
E,13,LYS,0.0255,-1
E,14,LYS,0.0257,-1
E,15,VAL,0.0262,-1
E,16,LEU,0.0268,-1
E,17,GLU,0.0278,-1
E,18,ALA,0.0303,-1
E,19,LEU,0.0348,-1
E,20,LYS,0.0383,-1
E,21,ASP,0.0452,-1
E,22,LEU,0.0789,-1
E,23,ILE,0.2777,-1
E,24,ASN,0.2569,-1
E,25,GLU,0.4300,4
E,26,ALA,0.5919,4
E,27,CYS,0.5911,4
E,28,TRP,0.0623,-1
E,29,ASP,0.0382,-1
E,30,ILE,0.0310,-1
E,31,SER,0.0303,-1
E,32,SER,0.0297,-1
E,33,SER,0.0294,-1
E,34,GLY,0.0295,-1
E,35,VAL,0.0304,-1
E,36,ASN,0.0350,-1
E,37,LEU,0.0640,-1
E,38,GLN,0.5192,5
E,39,SER,0.6383,5
E,40,MET,0.5187,5
E,41,ASP,0.4800,5
E,42,SER,0.4463,5
E,43,SER,0.4472,5
E,44,HIS,0.4719,5
E,45,VAL,0.5080,5
E,46,SER,0.4966,5
E,47,LEU,0.4132,5
E,48,VAL,0.1289,-1
E,49,GLN,0.0591,-1
E,50,LEU,0.0411,-1
E,51,THR,0.0319,-1
E,52,LEU,0.0308,-1
E,53,ARG,0.0292,-1
E,54,SER,0.0287,-1
E,55,GLU,0.0276,-1
E,56,GLY,0.0268,-1
E,57,PHE,0.0268,-1
E,58,ASP,0.0267,-1
E,59,THR,0.0269,-1
E,60,TYR,0.0271,-1
E,61,ARG,0.0277,-1
E,62,CYS,0.0288,-1
E,63,ASP,0.0291,-1
E,64,ARG,0.0301,-1
E,65,ASN,0.0314,-1
E,66,LEU,0.0334,-1
E,67,ALA,0.0372,-1
E,68,MET,0.0352,-1
E,69,GLY,0.0405,-1
E,70,VAL,0.0323,-1
E,71,ASN,0.0309,-1
E,72,LEU,0.0305,-1
E,73,THR,0.0277,-1
E,74,SER,0.0264,-1
E,75,MET,0.0274,-1
E,76,SER,0.0265,-1
E,77,LYS,0.0268,-1
E,78,ILE,0.0273,-1
E,79,LEU,0.0274,-1
E,80,LYS,0.0269,-1
E,81,CYS,0.0274,-1
E,82,ALA,0.0286,-1
E,83,GLY,0.0284,-1
E,84,ASN,0.0281,-1
E,85,GLU,0.0276,-1
E,86,ASP,0.0276,-1
E,87,ILE,0.0282,-1
E,88,ILE,0.0287,-1
E,89,THR,0.0297,-1
E,90,LEU,0.0306,-1
E,91,ARG,0.0299,-1
E,92,ALA,0.0311,-1
E,93,GLU,0.0307,-1
E,94,ASP,0.0315,-1
E,95,ASN,0.0322,-1
E,96,ALA,0.0322,-1
E,97,ASP,0.0319,-1
E,98,THR,0.0313,-1
E,99,LEU,0.0318,-1
E,100,ALA,0.0318,-1
E,101,LEU,0.0345,-1
E,102,VAL,0.0360,-1
E,103,PHE,0.0436,-1
E,104,GLU,0.0485,-1
E,105,ALA,0.0609,-1
E,106,PRO,0.0474,-1
E,107,ASN,0.0430,-1
E,108,GLN,0.0322,-1
E,109,GLU,0.0305,-1
E,110,LYS,0.0294,-1
E,111,VAL,0.0296,-1
E,112,SER,0.0285,-1
E,113,ASP,0.0289,-1
E,114,TYR,0.0293,-1
E,115,GLU,0.0320,-1
E,116,MET,0.0342,-1
E,117,LYS,0.0428,-1
E,118,LEU,0.0601,-1
E,119,MET,0.1110,-1
E,120,ASP,0.2669,-1
E,121,LEU,0.4139,6
E,122,ASP,0.6917,6
E,123,VAL,0.7583,6
E,124,GLU,0.7846,6
E,125,GLN,0.7815,6
E,126,LEU,0.8014,6
E,127,GLY,0.7731,6
E,128,ILE,0.7198,6
E,129,PRO,0.3047,-1
E,130,GLU,0.1075,-1
E,131,GLN,0.0656,-1
E,132,GLU,0.0392,-1
E,133,TYR,0.0314,-1
E,134,SER,0.0296,-1
E,135,CYS,0.0298,-1
E,136,VAL,0.0294,-1
E,137,VAL,0.0305,-1
E,138,LYS,0.0297,-1
E,139,MET,0.0302,-1
E,140,PRO,0.0287,-1
E,141,SER,0.0278,-1
E,142,GLY,0.0271,-1
E,143,GLU,0.0268,-1
E,144,PHE,0.0268,-1
E,145,ALA,0.0258,-1
E,146,ARG,0.0255,-1
E,147,ILE,0.0256,-1
E,148,CYS,0.0255,-1
E,149,ARG,0.0254,-1
E,150,ASP,0.0255,-1
E,151,LEU,0.0265,-1
E,152,SER,0.0268,-1
E,153,HIS,0.0281,-1
E,154,ILE,0.0298,-1
E,155,GLY,0.0346,-1
E,156,ASP,0.0359,-1
E,157,ALA,0.0409,-1
E,158,VAL,0.0444,-1
E,159,VAL,0.0423,-1
E,160,ILE,0.0374,-1
E,161,SER,0.0338,-1
E,162,CYS,0.0342,-1
E,163,ALA,0.0333,-1
E,164,LYS,0.0328,-1
E,165,ASP,0.0319,-1
E,166,GLY,0.0308,-1
E,167,VAL,0.0308,-1
E,168,LYS,0.0299,-1
E,169,PHE,0.0305,-1
E,170,SER,0.0321,-1
E,171,ALA,0.0409,-1
E,172,SER,0.0425,-1
E,173,GLY,0.0507,-1
E,174,GLU,0.0484,-1
E,175,LEU,0.0486,-1
E,176,GLY,0.0422,-1
E,177,ASN,0.0382,-1
E,178,GLY,0.0325,-1
E,179,ASN,0.0290,-1
E,180,ILE,0.0279,-1
E,181,LYS,0.0284,-1
E,182,LEU,0.0307,-1
E,183,SER,0.0326,-1
E,184,GLN,0.0359,-1
E,185,THR,0.0371,-1
E,186,SER,0.0402,-1
E,191,GLU,0.0367,-1
E,192,GLU,0.0344,-1
E,193,GLU,0.0313,-1
E,194,ALA,0.0315,-1
E,195,VAL,0.0309,-1
E,196,THR,0.0308,-1
E,197,ILE,0.0305,-1
E,198,GLU,0.0305,-1
E,199,MET,0.0317,-1
E,200,ASN,0.0324,-1
E,201,GLU,0.0326,-1
E,202,PRO,0.0322,-1
E,203,VAL,0.0317,-1
E,204,GLN,0.0292,-1
E,205,LEU,0.0306,-1
E,206,THR,0.0285,-1
E,207,PHE,0.0301,-1
E,208,ALA,0.0271,-1
E,209,LEU,0.0271,-1
E,210,ARG,0.0268,-1
E,211,TYR,0.0280,-1
E,212,LEU,0.0267,-1
E,213,ASN,0.0262,-1
E,214,PHE,0.0261,-1
E,215,PHE,0.0261,-1
E,216,THR,0.0265,-1
E,217,LYS,0.0264,-1
E,218,ALA,0.0284,-1
E,219,THR,0.0303,-1
E,220,PRO,0.0302,-1
E,221,LEU,0.0312,-1
E,222,SER,0.0313,-1
E,223,SER,0.0316,-1
E,224,THR,0.0319,-1
E,225,VAL,0.0324,-1
E,226,THR,0.0328,-1
E,227,LEU,0.0382,-1
E,228,SER,0.0445,-1
E,229,MET,0.0977,-1
E,230,SER,0.2286,-1
E,231,ALA,0.6866,5
E,232,ASP,0.8095,5
E,233,VAL,0.8062,5
E,234,PRO,0.7874,5
E,235,LEU,0.2269,-1
E,236,VAL,0.0662,-1
E,237,VAL,0.0360,-1
E,238,GLU,0.0301,-1
E,239,TYR,0.0296,-1
E,240,LYS,0.0302,-1
E,241,ILE,0.0309,-1
E,242,ALA,0.0330,-1
E,243,ASP,0.0334,-1
E,244,MET,0.0339,-1
E,245,GLY,0.0343,-1
E,246,HIS,0.0356,-1
E,247,LEU,0.0412,-1
E,248,LYS,0.0537,-1
E,249,TYR,0.1582,-1
E,250,TYR,0.5990,5
E,251,LEU,0.6408,5
E,252,ALA,0.6617,5
E,253,PRO,0.4341,5
E,254,LYS,0.3960,-1
E,255,ILE,0.3595,-1
